Address,USB0::0x2A8D::0x5101::MY58027919::0::INSTR,,,,,,,,,,,,,,,,,,,,,,,,,,,,
Model,34970A,,,,,,,,,,,,,,,,,,,,,,,,,,,,
Serial Number:,MY58027919,,,,,,,,,,,,,,,,,,,,,,,,,,,,
Firmware Version,A.02.03,,,,,,,,,,,,,,,,,,,,,,,,,,,,
Start Time,2024-05-16 11:41:01.617,,,,,,,,,,,,,,,,,,,,,,,,,,,,
Stop Time,2024-05-16 12:47:16.617,,,,,,,,,,,,,,,,,,,,,,,,,,,,
Data Log Stopped,,,,,,,,,,,,,,,,,,,,,,,,,,,,,
,,,,,,,,,,,,,,,,,,,,,,,,,,,,,
Instrument Configuration,,,,,,,,,,,,,,,,,,,,,,,,,,,,,
Modules,1,Slot 1,34901A,,,,,,,,,,,,,,,,,,,,,,,,,,
Total Channels,5,,,,,,,,,,,,,,,,,,,,,,,,,,,,
,,,,,,,,,,,,,,,,,,,,,,,,,,,,,
Channel Configuration,,,,,,,,,,,,,,,,,,,,,,,,,,,,,
Channels,Name,Function,Range/Arg1,Res/Arg2,NPLC,Channel Delay (Seconds),Scale,Gain (M),Offset (B),Label,Test,Low,High,Delta,After N,Alarm,,,,,,,,,,,,,
101,,Temp (Type K),None,C,1,0.0006,False,1,0,,Off,0,0,None,1,None,,,,,,,,,,,,,
102,,Temp (Type K),None,C,1,0.0006,False,1,0,,Off,0,0,None,1,None,,,,,,,,,,,,,
103,,Temp (Type K),None,C,1,0.0006,False,1,0,,Off,0,0,None,1,None,,,,,,,,,,,,,
104,,Temp (Type K),None,C,1,0.0006,False,1,0,,Off,0,0,None,1,None,,,,,,,,,,,,,
105,,Temp (Type K),None,C,1,0.0006,False,1,0,,Off,0,0,None,1,None,,,,,,,,,,,,,
,,,,,,,,,,,,,,,,,,,,,,,,,,,,,
Relay Information,,,,,,,,,,,,,,,,,,,,,,,,,,,,,
34970A,,,,,,,,,,,,,,,,,,,,,,,,,,,,,
Channel ID,1,2,3,4,5,,,,,,,,,,,,,,,,,,,,,,,,
Odometer,1630,1433,1626,1111,1630,,,,,,,,,,,,,,,,,,,,,,,,
34901A,,,,,,,,,,,,,,,,,,,,,,,,,,,,,
Channel ID,101,102,103,104,105,106,107,108,109,110,111,112,113,114,115,116,117,118,119,120,121,122,193,194,195,196,197,198,199
Odometer,7013,7226,6983,11226,9913,6558,6377,6367,2743,2736,2731,2728,2731,0,0,0,0,0,0,0,0,0,23,23,22,6,7,173,11
,,,,,,,,,,,,,,,,,,,,,,,,,,,,,
Scan Control Configuration,,,,,,,,,,,,,,,,,,,,,,,,,,,,,
Start Data Logging,Immediately with Start Button,,,,,,,,,,,,,,,,,,,,,,,,,,,,
Scan Interval,00:00:00:05.000,,,,,,,,,,,,,,,,,,,,,,,,,,,,
Stop Data Logging,Immediately with Stop Button,,,,,,,,,,,,,,,,,,,,,,,,,,,,
,,,,,,,,,,,,,,,,,,,,,,,,,,,,,
User Description,,,,,,,,,,,,,,,,,,,,,,,,,,,,,
,,,,,,,,,,,,,,,,,,,,,,,,,,,,,
,,,,,,,,,,,,,,,,,,,,,,,,,,,,,
Scan Sweep Time (Sec),Scan Number,101 (°C),102 (°C),103 (°C),104 (°C),105 (°C),,,,,,,,,,,,,,,,,,,,,,,
2024-05-16 11:41:01.617,1,29.4832017,29.6677634,30.3467506,30.9184455,32.1210812,,,,,,,,,,,,,,,,,,,,,,,
2024-05-16 11:41:06.617,2,29.4782428,29.5847248,30.2577729,30.8525021,31.6977827,,,,,,,,,,,,,,,,,,,,,,,
2024-05-16 11:41:11.667,3,29.4982467,29.6141697,30.2912607,30.7957851,31.3301093,,,,,,,,,,,,,,,,,,,,,,,
2024-05-16 11:41:16.617,4,29.5044515,29.5523967,30.3137468,30.7988422,31.4518075,,,,,,,,,,,,,,,,,,,,,,,
2024-05-16 11:41:21.641,5,29.5055615,29.7861496,30.307036,30.7744345,31.3619737,,,,,,,,,,,,,,,,,,,,,,,
2024-05-16 11:41:26.640,6,29.4923423,29.6250941,30.3256958,30.7152716,31.0721334,,,,,,,,,,,,,,,,,,,,,,,
2024-05-16 11:41:31.617,7,29.4897583,29.5966052,30.401309,30.6580181,30.9880575,,,,,,,,,,,,,,,,,,,,,,,
2024-05-16 11:41:36.668,8,29.5167025,29.606364,30.4425279,30.5912075,30.9209479,,,,,,,,,,,,,,,,,,,,,,,
2024-05-16 11:41:41.637,9,29.4918881,29.5580578,30.4563346,30.6377228,31.0225596,,,,,,,,,,,,,,,,,,,,,,,
2024-05-16 11:41:46.646,10,29.514034,29.4331588,30.4077739,30.648481,31.1238792,,,,,,,,,,,,,,,,,,,,,,,
2024-05-16 11:41:51.628,11,29.5201699,29.2754674,30.3552266,30.5867059,31.1904965,,,,,,,,,,,,,,,,,,,,,,,
2024-05-16 11:41:56.617,12,29.5298183,29.3411744,30.3122987,30.588201,30.9629174,,,,,,,,,,,,,,,,,,,,,,,
2024-05-16 11:42:01.617,13,29.5376257,29.6959096,30.410184,30.5887591,31.0445877,,,,,,,,,,,,,,,,,,,,,,,
2024-05-16 11:42:06.642,14,29.5077286,30.5622766,30.3079336,30.5827463,30.8491233,,,,,,,,,,,,,,,,,,,,,,,
2024-05-16 11:42:11.617,15,29.518506,29.6165418,30.3552952,30.5200247,30.5139379,,,,,,,,,,,,,,,,,,,,,,,
2024-05-16 11:42:16.617,16,29.5933159,30.4060612,30.4839967,30.5483972,30.718133,,,,,,,,,,,,,,,,,,,,,,,
2024-05-16 11:42:21.623,17,29.5568267,29.6154022,30.5101123,30.6045331,31.3368492,,,,,,,,,,,,,,,,,,,,,,,
2024-05-16 11:42:26.617,18,29.5543705,29.2429657,30.4147156,30.6153394,31.9572418,,,,,,,,,,,,,,,,,,,,,,,
2024-05-16 11:42:31.661,19,29.5291493,29.3031522,30.3473435,30.6532116,32.171542,,,,,,,,,,,,,,,,,,,,,,,
2024-05-16 11:42:36.670,20,46.197766,39.5734326,49.1701314,99.0064325,540.511112,,,,,,,,,,,,,,,,,,,,,,,
2024-05-16 11:42:41.617,21,38.7808189,35.2810043,40.085916,70.9927242,609.439179,,,,,,,,,,,,,,,,,,,,,,,
2024-05-16 11:42:46.617,22,35.1015967,33.3421811,36.3735434,84.8641934,625.509278,,,,,,,,,,,,,,,,,,,,,,,
2024-05-16 11:42:51.621,23,61.0811574,54.0483651,88.1699691,108.742197,500.121033,,,,,,,,,,,,,,,,,,,,,,,
2024-05-16 11:42:56.638,24,45.58153,41.6568026,83.8966292,273.30757,429.761834,,,,,,,,,,,,,,,,,,,,,,,
2024-05-16 11:43:01.617,25,38.8988034,37.1084369,69.9970508,193.232465,493.975315,,,,,,,,,,,,,,,,,,,,,,,
2024-05-16 11:43:06.645,26,35.6362875,37.4099878,88.0509375,146.3031,437.740519,,,,,,,,,,,,,,,,,,,,,,,
2024-05-16 11:43:11.617,27,34.0948609,34.8623996,61.7119691,277.224982,400.53785,,,,,,,,,,,,,,,,,,,,,,,
2024-05-16 11:43:16.617,28,33.2005579,34.0085239,51.0255126,340.470059,328.959515,,,,,,,,,,,,,,,,,,,,,,,
2024-05-16 11:43:21.617,29,32.6528056,33.3212278,55.7007721,306.639886,386.500323,,,,,,,,,,,,,,,,,,,,,,,
2024-05-16 11:43:26.617,30,32.3029021,32.8978278,49.8598615,238.67765,253.309083,,,,,,,,,,,,,,,,,,,,,,,
2024-05-16 11:43:31.617,31,32.2308223,33.0442719,46.3097272,163.314834,357.503136,,,,,,,,,,,,,,,,,,,,,,,
2024-05-16 11:43:36.617,32,31.9697761,32.8278024,44.1424786,136.904542,299.168032,,,,,,,,,,,,,,,,,,,,,,,
2024-05-16 11:43:41.624,33,31.7420126,33.0071714,43.0626006,122.064524,220.077314,,,,,,,,,,,,,,,,,,,,,,,
2024-05-16 11:43:46.617,34,31.6223334,33.1865818,44.0955932,373.915974,366.928635,,,,,,,,,,,,,,,,,,,,,,,
2024-05-16 11:43:51.617,35,31.4947645,32.856529,43.5168228,219.282222,326.67825,,,,,,,,,,,,,,,,,,,,,,,
2024-05-16 11:43:56.621,36,31.4528681,32.8156435,42.153427,154.486022,263.934557,,,,,,,,,,,,,,,,,,,,,,,
2024-05-16 11:44:01.621,37,31.3818423,33.5193117,41.4657838,129.69785,235.686039,,,,,,,,,,,,,,,,,,,,,,,
2024-05-16 11:44:06.625,38,31.4183731,32.8584565,40.9202204,159.953929,422.37429,,,,,,,,,,,,,,,,,,,,,,,
2024-05-16 11:44:11.617,39,31.4319001,32.5770633,40.4746016,359.744884,538.62469,,,,,,,,,,,,,,,,,,,,,,,
2024-05-16 11:44:16.617,40,31.7024549,33.046547,64.3668551,270.0302,542.712271,,,,,,,,,,,,,,,,,,,,,,,
2024-05-16 11:44:21.617,41,31.5321558,32.797629,60.4617582,398.145452,392.367674,,,,,,,,,,,,,,,,,,,,,,,
2024-05-16 11:44:26.637,42,31.4601229,33.0117114,50.8637128,215.515854,388.306812,,,,,,,,,,,,,,,,,,,,,,,
2024-05-16 11:44:31.617,43,35.8760909,34.8524894,47.2811125,223.358728,541.713123,,,,,,,,,,,,,,,,,,,,,,,
2024-05-16 11:44:36.617,44,33.8231769,34.5031503,44.8786245,224.685653,490.61279,,,,,,,,,,,,,,,,,,,,,,,
2024-05-16 11:44:41.625,45,32.7036599,33.9949423,43.4456841,228.039501,347.389028,,,,,,,,,,,,,,,,,,,,,,,
2024-05-16 11:44:46.663,46,32.1451354,33.9666347,42.7338841,167.565114,298.479108,,,,,,,,,,,,,,,,,,,,,,,
2024-05-16 11:44:51.617,47,31.7974686,34.3796171,42.3817276,143.031118,245.529991,,,,,,,,,,,,,,,,,,,,,,,
2024-05-16 11:44:56.617,48,31.6396547,34.0937328,42.2029721,131.7529,210.389404,,,,,,,,,,,,,,,,,,,,,,,
2024-05-16 11:45:01.617,49,31.648344,34.4239567,43.2818517,126.584284,185.392689,,,,,,,,,,,,,,,,,,,,,,,
2024-05-16 11:45:06.617,50,31.6791125,34.6363574,42.5279432,119.822906,191.732687,,,,,,,,,,,,,,,,,,,,,,,
2024-05-16 11:45:11.650,51,31.8173445,34.3344202,42.1128716,117.239342,173.053628,,,,,,,,,,,,,,,,,,,,,,,
2024-05-16 11:45:16.637,52,31.836813,34.4015909,41.7302866,110.237522,175.619856,,,,,,,,,,,,,,,,,,,,,,,
2024-05-16 11:45:21.617,53,31.7446421,34.4061135,41.4231932,106.787268,217.267241,,,,,,,,,,,,,,,,,,,,,,,
2024-05-16 11:45:26.666,54,31.6683314,34.5407842,41.31028,106.245828,192.356467,,,,,,,,,,,,,,,,,,,,,,,
2024-05-16 11:45:31.649,55,31.7811712,34.4687659,41.2016495,105.532741,154.992472,,,,,,,,,,,,,,,,,,,,,,,
2024-05-16 11:45:36.621,56,31.7490266,34.2843161,41.0181044,103.156355,163.593001,,,,,,,,,,,,,,,,,,,,,,,
2024-05-16 11:45:41.689,57,31.6747834,34.2547658,40.918554,101.42267,150.049086,,,,,,,,,,,,,,,,,,,,,,,
2024-05-16 11:45:46.617,58,31.6070315,34.2868026,40.8611312,101.041257,139.879552,,,,,,,,,,,,,,,,,,,,,,,
2024-05-16 11:45:51.617,59,31.5428012,34.2793381,40.8250169,100.225985,133.628009,,,,,,,,,,,,,,,,,,,,,,,
2024-05-16 11:45:56.617,60,31.4965694,34.3557784,40.8388349,99.1773833,141.765867,,,,,,,,,,,,,,,,,,,,,,,
2024-05-16 11:46:01.645,61,31.5206562,34.4819602,40.8513834,98.8699987,139.004204,,,,,,,,,,,,,,,,,,,,,,,
2024-05-16 11:46:06.617,62,31.5184241,34.3553813,40.7137788,97.1823542,158.436851,,,,,,,,,,,,,,,,,,,,,,,
2024-05-16 11:46:11.617,63,31.4283133,34.1033387,40.436152,92.8175512,224.089211,,,,,,,,,,,,,,,,,,,,,,,
2024-05-16 11:46:16.617,64,31.3993831,34.0797807,40.2950345,92.7046622,292.367407,,,,,,,,,,,,,,,,,,,,,,,
2024-05-16 11:46:21.617,65,31.4607015,33.8608598,40.1833952,91.6868413,561.611082,,,,,,,,,,,,,,,,,,,,,,,
2024-05-16 11:46:26.639,66,31.5457098,33.5386663,40.1356965,90.7705402,566.265926,,,,,,,,,,,,,,,,,,,,,,,
2024-05-16 11:46:31.617,67,31.5269392,33.4097043,40.1118936,91.09832,549.360881,,,,,,,,,,,,,,,,,,,,,,,
2024-05-16 11:46:36.666,68,31.4985081,33.25143,40.1168812,89.0420834,489.723368,,,,,,,,,,,,,,,,,,,,,,,
2024-05-16 11:46:41.642,69,31.4401329,33.2125768,40.1465465,88.8175571,685.271653,,,,,,,,,,,,,,,,,,,,,,,
2024-05-16 11:46:46.617,70,31.4299141,33.646328,46.3921453,293.407786,433.837408,,,,,,,,,,,,,,,,,,,,,,,
2024-05-16 11:46:51.617,71,31.413442,33.3799057,43.1140296,165.025876,331.203098,,,,,,,,,,,,,,,,,,,,,,,
2024-05-16 11:46:56.620,72,31.3612157,33.2990618,41.8735776,130.342193,443.840218,,,,,,,,,,,,,,,,,,,,,,,
2024-05-16 11:47:01.661,73,31.320813,33.1828665,41.4102029,117.748152,285.647644,,,,,,,,,,,,,,,,,,,,,,,
2024-05-16 11:47:06.647,74,31.3473049,32.7363498,40.9347247,175.88993,295.583748,,,,,,,,,,,,,,,,,,,,,,,
2024-05-16 11:47:11.617,75,31.9779324,33.4336101,41.355838,138.465564,411.406464,,,,,,,,,,,,,,,,,,,,,,,
2024-05-16 11:47:16.629,76,31.7840687,33.4835616,41.2247384,120.081463,423.518412,,,,,,,,,,,,,,,,,,,,,,,
2024-05-16 11:47:21.622,77,31.6823981,33.5110654,42.9839724,110.986643,618.373981,,,,,,,,,,,,,,,,,,,,,,,
2024-05-16 11:47:26.617,78,31.6475502,33.5603416,41.9229624,104.938593,688.925187,,,,,,,,,,,,,,,,,,,,,,,
2024-05-16 11:47:31.641,79,31.579292,33.6021792,41.6848345,105.64012,515.07477,,,,,,,,,,,,,,,,,,,,,,,
2024-05-16 11:47:36.626,80,31.566062,33.5233375,41.5412472,103.982013,669.68844,,,,,,,,,,,,,,,,,,,,,,,
2024-05-16 11:47:41.618,81,31.4803498,33.3381939,56.3784045,330.357586,377.937247,,,,,,,,,,,,,,,,,,,,,,,
2024-05-16 11:47:46.652,82,32.4638045,39.5333183,62.133739,350.012034,442.073515,,,,,,,,,,,,,,,,,,,,,,,
2024-05-16 11:47:51.634,83,32.2662436,36.3856928,51.9163124,242.386008,478.4337,,,,,,,,,,,,,,,,,,,,,,,
2024-05-16 11:47:56.668,84,31.9672259,35.2228192,47.3183257,217.547263,434.259263,,,,,,,,,,,,,,,,,,,,,,,
2024-05-16 11:48:01.617,85,31.8079669,34.7451408,45.42172,165.471785,441.665311,,,,,,,,,,,,,,,,,,,,,,,
2024-05-16 11:48:06.617,86,31.6752618,34.5241666,44.5219221,144.713662,283.453556,,,,,,,,,,,,,,,,,,,,,,,
2024-05-16 11:48:11.680,87,31.5856805,34.4506262,44.002168,132.296162,378.531496,,,,,,,,,,,,,,,,,,,,,,,
2024-05-16 11:48:16.642,88,31.5544618,34.431253,43.7803215,126.897556,296.689105,,,,,,,,,,,,,,,,,,,,,,,
2024-05-16 11:48:21.630,89,31.5337525,34.4185664,43.568337,120.716701,218.792663,,,,,,,,,,,,,,,,,,,,,,,
2024-05-16 11:48:26.654,90,31.5114518,34.433682,43.4027487,115.797615,221.433528,,,,,,,,,,,,,,,,,,,,,,,
2024-05-16 11:48:31.617,91,31.4758781,34.3980363,43.2640811,113.095914,250.536325,,,,,,,,,,,,,,,,,,,,,,,
2024-05-16 11:48:36.617,92,31.4796059,34.2150218,43.1287891,114.641593,264.439304,,,,,,,,,,,,,,,,,,,,,,,
2024-05-16 11:48:41.691,93,31.5118056,34.242039,42.8939073,111.501651,264.45883,,,,,,,,,,,,,,,,,,,,,,,
2024-05-16 11:48:46.654,94,31.4856203,34.3209152,42.8607394,111.424985,225.240738,,,,,,,,,,,,,,,,,,,,,,,
2024-05-16 11:48:51.645,95,31.4609534,34.4768244,42.8190253,110.69271,248.72746,,,,,,,,,,,,,,,,,,,,,,,
2024-05-16 11:48:56.617,96,31.4256964,34.1719351,42.760954,109.55351,240.262433,,,,,,,,,,,,,,,,,,,,,,,
2024-05-16 11:49:01.635,97,31.4218313,34.6090545,42.8914403,108.385969,268.166056,,,,,,,,,,,,,,,,,,,,,,,
2024-05-16 11:49:06.617,98,31.3886542,35.0347372,42.8201418,107.757287,551.029685,,,,,,,,,,,,,,,,,,,,,,,
2024-05-16 11:49:11.617,99,31.3736955,34.6337598,42.646008,104.463013,562.491767,,,,,,,,,,,,,,,,,,,,,,,
2024-05-16 11:49:16.627,100,31.3659269,34.6600412,42.3938093,104.262558,574.388603,,,,,,,,,,,,,,,,,,,,,,,
2024-05-16 11:49:21.641,101,31.3776598,34.7114401,42.26902,103.830152,400.52358,,,,,,,,,,,,,,,,,,,,,,,
2024-05-16 11:49:26.671,102,31.4350309,34.5914363,42.2382291,103.149061,271.646139,,,,,,,,,,,,,,,,,,,,,,,
2024-05-16 11:49:31.617,103,31.4097318,34.5451093,42.2672123,102.044759,238.140323,,,,,,,,,,,,,,,,,,,,,,,
2024-05-16 11:49:36.687,104,31.4263678,34.6552785,42.209596,101.140497,262.450171,,,,,,,,,,,,,,,,,,,,,,,
2024-05-16 11:49:41.623,105,31.4183993,34.4923207,42.1354244,99.6199053,243.209944,,,,,,,,,,,,,,,,,,,,,,,
2024-05-16 11:49:46.637,106,31.4309641,34.2150709,42.1584574,100.030575,229.225763,,,,,,,,,,,,,,,,,,,,,,,
2024-05-16 11:49:51.617,107,31.497296,34.2973115,42.2646118,100.663505,434.12287,,,,,,,,,,,,,,,,,,,,,,,
2024-05-16 11:49:56.617,108,31.4793735,34.3238135,42.2935425,101.526174,491.809169,,,,,,,,,,,,,,,,,,,,,,,
2024-05-16 11:50:01.620,109,31.4544498,34.6176982,42.2272782,102.59623,434.959006,,,,,,,,,,,,,,,,,,,,,,,
2024-05-16 11:50:06.663,110,31.4298932,34.8078322,42.2927984,102.192863,450.247492,,,,,,,,,,,,,,,,,,,,,,,
2024-05-16 11:50:11.624,111,31.4519866,34.6902744,42.225111,100.875609,580.10263,,,,,,,,,,,,,,,,,,,,,,,
2024-05-16 11:50:16.625,112,31.4399341,34.4828363,42.253823,99.9363508,297.214993,,,,,,,,,,,,,,,,,,,,,,,
2024-05-16 11:50:21.627,113,31.4467163,34.4434868,42.2402232,98.8967177,217.598849,,,,,,,,,,,,,,,,,,,,,,,
2024-05-16 11:50:26.691,114,31.4110293,34.3865056,42.3105393,99.9077216,179.417005,,,,,,,,,,,,,,,,,,,,,,,
2024-05-16 11:50:31.617,115,31.4092399,34.7253274,42.3115188,99.0805801,182.028798,,,,,,,,,,,,,,,,,,,,,,,
2024-05-16 11:50:36.637,116,31.3711037,34.6314106,42.2438376,98.6938601,178.914402,,,,,,,,,,,,,,,,,,,,,,,
2024-05-16 11:50:41.618,117,31.3798404,34.5016634,42.1074915,97.4043142,195.654383,,,,,,,,,,,,,,,,,,,,,,,
2024-05-16 11:50:46.617,118,31.3661409,34.2557488,42.088065,98.8648017,175.354059,,,,,,,,,,,,,,,,,,,,,,,
2024-05-16 11:50:51.637,119,31.3620207,34.7857402,42.1105557,98.1787619,185.728105,,,,,,,,,,,,,,,,,,,,,,,
2024-05-16 11:50:56.645,120,31.3514806,34.7022163,42.0379013,97.091477,181.984614,,,,,,,,,,,,,,,,,,,,,,,
2024-05-16 11:51:01.617,121,31.3384661,35.1653502,41.9605203,97.1893547,178.158735,,,,,,,,,,,,,,,,,,,,,,,
2024-05-16 11:51:06.617,122,31.3606993,35.1293556,41.890756,97.8274775,166.120645,,,,,,,,,,,,,,,,,,,,,,,
2024-05-16 11:51:11.617,123,31.3963958,35.3973556,41.7489575,98.1956459,183.331244,,,,,,,,,,,,,,,,,,,,,,,
2024-05-16 11:51:16.617,124,31.3952969,35.1484563,41.704601,99.2280385,174.071679,,,,,,,,,,,,,,,,,,,,,,,
2024-05-16 11:51:21.669,125,31.4056739,35.3739269,41.4763954,99.392559,172.484111,,,,,,,,,,,,,,,,,,,,,,,
2024-05-16 11:51:26.618,126,31.4860536,34.9933039,41.3041834,98.7033605,170.215951,,,,,,,,,,,,,,,,,,,,,,,
2024-05-16 11:51:31.656,127,31.5503515,34.6482541,41.3113092,99.1751625,162.752091,,,,,,,,,,,,,,,,,,,,,,,
2024-05-16 11:51:36.662,128,31.5908284,34.9533765,41.2575092,100.787063,154.847731,,,,,,,,,,,,,,,,,,,,,,,
2024-05-16 11:51:41.631,129,31.6796805,35.1266848,41.2693444,98.6953522,188.081859,,,,,,,,,,,,,,,,,,,,,,,
2024-05-16 11:51:46.617,130,31.7049557,34.6413584,41.2785196,98.1785747,183.39525,,,,,,,,,,,,,,,,,,,,,,,
2024-05-16 11:51:51.620,131,31.7250009,34.3717624,41.2690385,98.9948408,175.960649,,,,,,,,,,,,,,,,,,,,,,,
2024-05-16 11:51:56.617,132,31.6546727,34.7597344,41.4863136,100.981811,164.225202,,,,,,,,,,,,,,,,,,,,,,,
2024-05-16 11:52:01.619,133,31.5810435,34.542451,41.5877041,101.472087,156.172324,,,,,,,,,,,,,,,,,,,,,,,
2024-05-16 11:52:06.617,134,31.5684036,34.9799721,41.5416955,100.266331,147.086447,,,,,,,,,,,,,,,,,,,,,,,
2024-05-16 11:52:11.617,135,31.5300757,35.2080715,41.493877,99.8318147,154.19506,,,,,,,,,,,,,,,,,,,,,,,
2024-05-16 11:52:16.634,136,31.5310824,35.2757986,41.4950623,98.6651388,152.999281,,,,,,,,,,,,,,,,,,,,,,,
2024-05-16 11:52:21.617,137,31.5486613,35.2555972,41.4988565,99.8789528,144.674605,,,,,,,,,,,,,,,,,,,,,,,
2024-05-16 11:52:26.617,138,31.5663719,35.2962324,41.5249602,100.819648,143.496077,,,,,,,,,,,,,,,,,,,,,,,
2024-05-16 11:52:31.617,139,31.5387311,35.290538,41.3831845,100.799463,138.133203,,,,,,,,,,,,,,,,,,,,,,,
2024-05-16 11:52:36.626,140,31.5379149,34.8415728,41.1471381,98.8050217,157.471536,,,,,,,,,,,,,,,,,,,,,,,
2024-05-16 11:52:41.617,141,31.4857582,35.1826827,40.9803062,99.1335206,137.762793,,,,,,,,,,,,,,,,,,,,,,,
2024-05-16 11:52:46.628,142,31.5422021,34.9691148,40.8925596,99.3197951,151.576242,,,,,,,,,,,,,,,,,,,,,,,
2024-05-16 11:52:51.617,143,31.6750858,34.9471476,40.9952184,100.075539,147.287044,,,,,,,,,,,,,,,,,,,,,,,
2024-05-16 11:52:56.617,144,31.841888,34.5600761,40.9237362,100.664245,151.802682,,,,,,,,,,,,,,,,,,,,,,,
2024-05-16 11:53:01.617,145,31.9422711,34.4585453,40.8810552,100.728534,165.480608,,,,,,,,,,,,,,,,,,,,,,,
2024-05-16 11:53:06.634,146,31.9592643,34.6349913,40.9308,100.304017,153.90362,,,,,,,,,,,,,,,,,,,,,,,
2024-05-16 11:53:11.647,147,31.9512879,34.1523059,41.1162736,99.2158004,164.350947,,,,,,,,,,,,,,,,,,,,,,,
2024-05-16 11:53:16.617,148,31.8413572,34.3529995,41.055281,98.3040494,149.724165,,,,,,,,,,,,,,,,,,,,,,,
2024-05-16 11:53:21.625,149,31.7444297,34.1396166,41.2066968,95.7397035,156.934522,,,,,,,,,,,,,,,,,,,,,,,
2024-05-16 11:53:26.634,150,31.695413,34.6414404,41.2562241,95.5171957,153.795516,,,,,,,,,,,,,,,,,,,,,,,
2024-05-16 11:53:31.617,151,31.6666966,34.292559,41.2632641,95.463133,148.958965,,,,,,,,,,,,,,,,,,,,,,,
2024-05-16 11:53:36.653,152,31.6847101,34.2594633,41.2484159,94.056669,153.475765,,,,,,,,,,,,,,,,,,,,,,,
2024-05-16 11:53:41.622,153,31.6676782,34.0656623,41.1440205,92.4187274,152.951156,,,,,,,,,,,,,,,,,,,,,,,
2024-05-16 11:53:46.621,154,31.6612993,33.5047538,40.8211949,88.3179169,153.529646,,,,,,,,,,,,,,,,,,,,,,,
2024-05-16 11:53:51.617,155,31.6578658,32.9392644,40.4653921,85.0086077,156.738664,,,,,,,,,,,,,,,,,,,,,,,
2024-05-16 11:53:56.629,156,31.6172705,32.5595751,40.2844637,83.8682511,149.911968,,,,,,,,,,,,,,,,,,,,,,,
2024-05-16 11:54:01.639,157,31.5838406,32.9089451,40.2462603,82.5658529,151.699369,,,,,,,,,,,,,,,,,,,,,,,
2024-05-16 11:54:06.661,158,31.5118641,32.5432926,40.2228835,81.6823237,151.862181,,,,,,,,,,,,,,,,,,,,,,,
2024-05-16 11:54:11.639,159,31.4383053,32.4225863,40.1352889,80.5921773,155.427418,,,,,,,,,,,,,,,,,,,,,,,
2024-05-16 11:54:16.636,160,31.3230567,32.3614485,40.072419,80.0230123,147.798513,,,,,,,,,,,,,,,,,,,,,,,
2024-05-16 11:54:21.620,161,31.2876524,32.1428525,40.0483224,79.81314,147.662297,,,,,,,,,,,,,,,,,,,,,,,
2024-05-16 11:54:26.618,162,31.2094738,32.0629593,40.0321385,79.7665302,142.41877,,,,,,,,,,,,,,,,,,,,,,,
2024-05-16 11:54:31.634,163,31.1472022,32.0365067,40.0019031,78.7279616,142.928749,,,,,,,,,,,,,,,,,,,,,,,
2024-05-16 11:54:36.635,164,31.1184057,31.8207359,39.8782501,78.4159991,145.532633,,,,,,,,,,,,,,,,,,,,,,,
2024-05-16 11:54:41.617,165,31.1049402,31.9646981,39.7302339,78.0916336,150.658292,,,,,,,,,,,,,,,,,,,,,,,
2024-05-16 11:54:46.617,166,31.0610272,32.2214667,39.7208924,77.5755446,178.223435,,,,,,,,,,,,,,,,,,,,,,,
2024-05-16 11:54:51.617,167,31.0496461,31.9488664,39.7337573,79.1643955,236.944584,,,,,,,,,,,,,,,,,,,,,,,
2024-05-16 11:54:56.642,168,30.9688953,31.8811906,39.693986,78.9539015,317.092046,,,,,,,,,,,,,,,,,,,,,,,
2024-05-16 11:55:01.639,169,30.8770335,31.6734663,39.6136803,79.359881,387.607257,,,,,,,,,,,,,,,,,,,,,,,
2024-05-16 11:55:06.617,170,30.8674185,31.7590252,39.5215452,79.929084,386.015952,,,,,,,,,,,,,,,,,,,,,,,
2024-05-16 11:55:11.617,171,30.7844306,31.217088,39.4708183,79.6163182,615.078431,,,,,,,,,,,,,,,,,,,,,,,
2024-05-16 11:55:16.617,172,30.7512445,31.1256015,39.4104742,79.7581118,492.160238,,,,,,,,,,,,,,,,,,,,,,,
2024-05-16 11:55:21.630,173,30.6956864,31.2042246,39.3801345,80.0170174,605.803196,,,,,,,,,,,,,,,,,,,,,,,
2024-05-16 11:55:26.637,174,30.6695714,31.4593947,39.3743995,80.0488559,642.124842,,,,,,,,,,,,,,,,,,,,,,,
2024-05-16 11:55:31.617,175,30.6039917,31.2407381,39.2634417,80.077327,655.897028,,,,,,,,,,,,,,,,,,,,,,,
2024-05-16 11:55:36.641,176,30.5951216,31.4243098,39.218862,80.8368466,628.672195,,,,,,,,,,,,,,,,,,,,,,,
2024-05-16 11:55:41.630,177,30.5667456,30.8199321,39.1913049,81.7893134,606.773381,,,,,,,,,,,,,,,,,,,,,,,
2024-05-16 11:55:46.617,178,30.5327326,31.0055303,39.2276535,83.8696458,577.383618,,,,,,,,,,,,,,,,,,,,,,,
2024-05-16 11:55:51.629,179,30.4668349,30.723946,39.201737,87.5891793,549.784554,,,,,,,,,,,,,,,,,,,,,,,
2024-05-16 11:55:56.617,180,30.4254282,31.3089334,39.1805364,92.7285953,565.116976,,,,,,,,,,,,,,,,,,,,,,,
2024-05-16 11:56:01.617,181,30.3601058,30.5926466,39.1442194,98.2806705,537.56843,,,,,,,,,,,,,,,,,,,,,,,
2024-05-16 11:56:06.626,182,30.350488,30.0934208,39.1778979,103.598559,594.312331,,,,,,,,,,,,,,,,,,,,,,,
2024-05-16 11:56:11.617,183,30.3135548,30.8427234,39.1444274,107.552714,640.565452,,,,,,,,,,,,,,,,,,,,,,,
2024-05-16 11:56:16.617,184,30.2803446,30.5878247,39.1654182,111.489876,625.312541,,,,,,,,,,,,,,,,,,,,,,,
2024-05-16 11:56:21.617,185,30.2802095,30.70089,39.1915068,115.616916,630.449045,,,,,,,,,,,,,,,,,,,,,,,
2024-05-16 11:56:26.637,186,30.288172,30.7260428,39.2327568,121.9483,650.465723,,,,,,,,,,,,,,,,,,,,,,,
2024-05-16 11:56:31.656,187,30.2613099,30.5179524,39.3756186,130.87562,645.565892,,,,,,,,,,,,,,,,,,,,,,,
2024-05-16 11:56:36.617,188,30.2446289,31.0701574,39.4928359,137.279031,663.665216,,,,,,,,,,,,,,,,,,,,,,,
2024-05-16 11:56:41.627,189,30.2106874,30.7532567,39.5727134,145.304639,658.372745,,,,,,,,,,,,,,,,,,,,,,,
2024-05-16 11:56:46.630,190,30.167225,31.176775,39.6221098,153.571037,676.512134,,,,,,,,,,,,,,,,,,,,,,,
2024-05-16 11:56:51.617,191,30.0711142,31.344261,39.6414985,161.811671,611.554218,,,,,,,,,,,,,,,,,,,,,,,
2024-05-16 11:56:56.617,192,29.9890706,31.1541426,39.8762158,171.907054,548.07412,,,,,,,,,,,,,,,,,,,,,,,
2024-05-16 11:57:01.618,193,29.9844702,30.6386146,40.0111981,175.242633,537.79429,,,,,,,,,,,,,,,,,,,,,,,
2024-05-16 11:57:06.686,194,29.9859865,30.5859486,40.0058302,179.877291,524.446121,,,,,,,,,,,,,,,,,,,,,,,
2024-05-16 11:57:11.617,195,29.9492653,30.5034951,40.1935498,185.962594,504.865374,,,,,,,,,,,,,,,,,,,,,,,
2024-05-16 11:57:16.617,196,29.940029,30.4482926,40.1311331,193.913787,487.183223,,,,,,,,,,,,,,,,,,,,,,,
2024-05-16 11:57:21.617,197,29.9700675,30.2389091,40.1648547,195.834315,508.639967,,,,,,,,,,,,,,,,,,,,,,,
2024-05-16 11:57:26.617,198,29.897132,30.0494488,40.177941,192.379483,566.119474,,,,,,,,,,,,,,,,,,,,,,,
2024-05-16 11:57:31.617,199,29.7483866,29.830779,40.0252997,190.20952,609.391729,,,,,,,,,,,,,,,,,,,,,,,
2024-05-16 11:57:36.663,200,29.6953569,29.5747021,39.6036922,189.443172,664.853313,,,,,,,,,,,,,,,,,,,,,,,
2024-05-16 11:57:41.617,201,29.6506998,29.4104893,39.5148972,190.003977,687.51267,,,,,,,,,,,,,,,,,,,,,,,
2024-05-16 11:57:46.646,202,29.5891693,29.1921145,39.5825211,193.423739,712.483494,,,,,,,,,,,,,,,,,,,,,,,
2024-05-16 11:57:51.640,203,29.4872146,29.1665671,40.0130912,199.318899,741.213027,,,,,,,,,,,,,,,,,,,,,,,
2024-05-16 11:57:56.656,204,29.4024297,29.0926226,40.0842683,207.3303,780.122749,,,,,,,,,,,,,,,,,,,,,,,
2024-05-16 11:58:01.622,205,29.365482,28.9834873,40.1615832,217.590609,776.394963,,,,,,,,,,,,,,,,,,,,,,,
2024-05-16 11:58:06.656,206,29.2933252,28.9109845,40.2938887,228.378169,793.202842,,,,,,,,,,,,,,,,,,,,,,,
2024-05-16 11:58:11.629,207,29.2059536,28.8506839,40.7800399,250.801605,796.800175,,,,,,,,,,,,,,,,,,,,,,,
2024-05-16 11:58:16.617,208,29.1421974,28.8736201,41.0862354,275.497968,794.861828,,,,,,,,,,,,,,,,,,,,,,,
2024-05-16 11:58:21.617,209,29.1533512,28.7955104,41.3055883,298.920363,792.515778,,,,,,,,,,,,,,,,,,,,,,,
2024-05-16 11:58:26.627,210,29.1669237,28.7003218,41.3160113,328.000291,790.302215,,,,,,,,,,,,,,,,,,,,,,,
2024-05-16 11:58:31.632,211,29.151565,28.4558008,41.3767055,359.258871,790.750159,,,,,,,,,,,,,,,,,,,,,,,
2024-05-16 11:58:36.672,212,29.1936452,28.4599832,41.7586632,395.200506,767.291241,,,,,,,,,,,,,,,,,,,,,,,
2024-05-16 11:58:41.617,213,29.2206806,28.5010559,41.8864163,448.555719,745.480336,,,,,,,,,,,,,,,,,,,,,,,
2024-05-16 11:58:46.617,214,29.0935487,28.6941566,42.6033889,501.190427,740.018477,,,,,,,,,,,,,,,,,,,,,,,
2024-05-16 11:58:51.617,215,28.9751269,28.6512594,42.7517321,550.348735,738.257266,,,,,,,,,,,,,,,,,,,,,,,
2024-05-16 11:58:56.617,216,28.8926875,28.627321,42.9420516,621.07403,734.376756,,,,,,,,,,,,,,,,,,,,,,,
2024-05-16 11:59:01.621,217,28.8139765,28.5411328,43.0045723,654.477667,732.370593,,,,,,,,,,,,,,,,,,,,,,,
2024-05-16 11:59:06.627,218,28.7464743,28.4694069,43.3011702,688.148929,720.963322,,,,,,,,,,,,,,,,,,,,,,,
2024-05-16 11:59:11.617,219,28.8030201,28.3502037,43.7508214,717.852326,709.436376,,,,,,,,,,,,,,,,,,,,,,,
2024-05-16 11:59:16.645,220,28.8898638,28.2240861,44.2455945,740.256735,700.065339,,,,,,,,,,,,,,,,,,,,,,,
2024-05-16 11:59:21.627,221,28.8604017,28.1109438,44.8545258,757.58484,738.658987,,,,,,,,,,,,,,,,,,,,,,,
2024-05-16 11:59:26.669,222,28.88185,27.9630814,45.4949271,770.998027,743.394821,,,,,,,,,,,,,,,,,,,,,,,
2024-05-16 11:59:31.622,223,28.8631527,27.8584772,46.0521579,780.679009,746.628372,,,,,,,,,,,,,,,,,,,,,,,
2024-05-16 11:59:36.617,224,28.8500345,27.745932,46.5917434,787.31562,753.999611,,,,,,,,,,,,,,,,,,,,,,,
2024-05-16 11:59:41.636,225,28.8180257,27.6761082,47.1526494,791.804332,752.591523,,,,,,,,,,,,,,,,,,,,,,,
2024-05-16 11:59:46.669,226,28.8267815,27.629358,47.6840717,797.788006,758.485277,,,,,,,,,,,,,,,,,,,,,,,
2024-05-16 11:59:51.617,227,28.7944982,27.5695722,48.1818152,801.526557,766.47737,,,,,,,,,,,,,,,,,,,,,,,
2024-05-16 11:59:56.667,228,28.7539948,27.5451395,48.6392257,802.314623,766.225179,,,,,,,,,,,,,,,,,,,,,,,
2024-05-16 12:00:01.617,229,28.7326054,27.54566,49.2350047,804.796748,764.161322,,,,,,,,,,,,,,,,,,,,,,,
2024-05-16 12:00:06.617,230,28.6577202,27.5501227,49.8351418,808.526101,765.491961,,,,,,,,,,,,,,,,,,,,,,,
2024-05-16 12:00:11.647,231,28.5931937,27.5111288,50.4297976,811.028366,766.472294,,,,,,,,,,,,,,,,,,,,,,,
2024-05-16 12:00:16.624,232,28.5861239,27.5332602,51.0150791,811.480047,762.965739,,,,,,,,,,,,,,,,,,,,,,,
2024-05-16 12:00:21.641,233,28.5422782,27.5395717,51.6785389,812.846766,767.598477,,,,,,,,,,,,,,,,,,,,,,,
2024-05-16 12:00:26.658,234,28.5182304,27.54995,52.3009977,813.398246,763.737301,,,,,,,,,,,,,,,,,,,,,,,
2024-05-16 12:00:31.618,235,28.4847238,27.5697637,52.8679931,811.959695,755.656709,,,,,,,,,,,,,,,,,,,,,,,
2024-05-16 12:00:36.617,236,28.4513545,27.6109944,53.4557246,817.93437,772.312146,,,,,,,,,,,,,,,,,,,,,,,
2024-05-16 12:00:41.633,237,28.4114587,27.6455588,54.0406841,821.615127,776.782018,,,,,,,,,,,,,,,,,,,,,,,
2024-05-16 12:00:46.633,238,28.3841113,27.6736331,54.6137549,822.657455,782.317123,,,,,,,,,,,,,,,,,,,,,,,
2024-05-16 12:00:51.629,239,28.3350043,27.7113249,55.1914869,826.300855,784.7248,,,,,,,,,,,,,,,,,,,,,,,
2024-05-16 12:00:56.617,240,28.2951395,27.7314832,55.822462,830.582111,793.64776,,,,,,,,,,,,,,,,,,,,,,,
2024-05-16 12:01:01.617,241,28.2779843,27.7379894,56.5387596,833.465868,803.742242,,,,,,,,,,,,,,,,,,,,,,,
2024-05-16 12:01:06.620,242,28.2352323,27.7657367,57.2352417,839.217911,802.133667,,,,,,,,,,,,,,,,,,,,,,,
2024-05-16 12:01:11.617,243,28.2234921,27.7902515,57.8794576,839.420445,800.37847,,,,,,,,,,,,,,,,,,,,,,,
2024-05-16 12:01:16.617,244,28.1873261,27.7955514,58.5504996,848.513969,801.582384,,,,,,,,,,,,,,,,,,,,,,,
2024-05-16 12:01:21.630,245,28.1454043,27.7800799,59.2588179,856.450923,784.367626,,,,,,,,,,,,,,,,,,,,,,,
2024-05-16 12:01:26.617,246,28.1299021,27.8029709,59.9559047,865.59419,790.250996,,,,,,,,,,,,,,,,,,,,,,,
2024-05-16 12:01:31.617,247,28.1151354,27.8092185,60.787665,873.161187,787.763618,,,,,,,,,,,,,,,,,,,,,,,
2024-05-16 12:01:36.617,248,28.0816697,27.7791403,61.5970065,880.045187,773.113234,,,,,,,,,,,,,,,,,,,,,,,
2024-05-16 12:01:41.625,249,28.0923056,27.8104259,62.5497011,874.160117,748.664984,,,,,,,,,,,,,,,,,,,,,,,
2024-05-16 12:01:46.617,250,28.1040068,27.7852037,63.6984759,868.241607,727.632167,,,,,,,,,,,,,,,,,,,,,,,
2024-05-16 12:01:51.658,251,28.0884867,27.8246484,64.9381051,873.146067,742.313912,,,,,,,,,,,,,,,,,,,,,,,
2024-05-16 12:01:56.617,252,28.0368937,29.1648497,66.1407481,872.516622,744.940031,,,,,,,,,,,,,,,,,,,,,,,
2024-05-16 12:02:01.617,253,28.0715453,27.8259405,67.5875786,873.548715,745.597009,,,,,,,,,,,,,,,,,,,,,,,
2024-05-16 12:02:06.617,254,28.0707187,27.8963116,69.2796532,872.216506,721.278558,,,,,,,,,,,,,,,,,,,,,,,
2024-05-16 12:02:11.617,255,28.0752571,27.9082744,70.9290378,873.201865,722.92478,,,,,,,,,,,,,,,,,,,,,,,
2024-05-16 12:02:16.667,256,28.0671246,27.9470488,72.9618389,872.948242,692.008905,,,,,,,,,,,,,,,,,,,,,,,
2024-05-16 12:02:21.617,257,28.0854786,27.9813022,75.4307532,865.262937,677.358641,,,,,,,,,,,,,,,,,,,,,,,
2024-05-16 12:02:26.629,258,28.0736499,28.0330696,78.3357248,864.58808,674.726684,,,,,,,,,,,,,,,,,,,,,,,
2024-05-16 12:02:31.617,259,28.0497579,28.0348706,81.6521949,867.896195,676.632704,,,,,,,,,,,,,,,,,,,,,,,
2024-05-16 12:02:36.617,260,28.0335211,28.085792,85.6187756,872.533334,677.792079,,,,,,,,,,,,,,,,,,,,,,,
2024-05-16 12:02:41.617,261,28.0289983,28.1114817,90.4159687,875.133264,682.928282,,,,,,,,,,,,,,,,,,,,,,,
2024-05-16 12:02:46.684,262,28.0130964,28.11478,94.334457,884.090443,679.992275,,,,,,,,,,,,,,,,,,,,,,,
2024-05-16 12:02:51.635,263,27.9903875,28.1607224,97.1700771,887.856083,680.264389,,,,,,,,,,,,,,,,,,,,,,,
2024-05-16 12:02:56.672,264,28.0177858,28.1984931,99.5393283,889.174997,683.612933,,,,,,,,,,,,,,,,,,,,,,,
2024-05-16 12:03:01.651,265,27.9908261,28.2171745,101.992054,882.252594,672.137429,,,,,,,,,,,,,,,,,,,,,,,
2024-05-16 12:03:06.655,266,28.0221094,28.2714709,105.170873,871.934373,666.822927,,,,,,,,,,,,,,,,,,,,,,,
2024-05-16 12:03:11.617,267,28.0509271,28.2960649,109.847039,867.118621,680.815677,,,,,,,,,,,,,,,,,,,,,,,
2024-05-16 12:03:16.617,268,28.1097118,28.4063394,115.806703,864.599822,684.287175,,,,,,,,,,,,,,,,,,,,,,,
2024-05-16 12:03:21.617,269,28.170281,28.4658688,121.560016,869.480704,691.305167,,,,,,,,,,,,,,,,,,,,,,,
2024-05-16 12:03:26.662,270,28.1590569,28.5150102,126.990933,875.687694,701.008049,,,,,,,,,,,,,,,,,,,,,,,
2024-05-16 12:03:31.628,271,28.1230584,28.5458285,131.926294,881.762696,704.918033,,,,,,,,,,,,,,,,,,,,,,,
2024-05-16 12:03:36.617,272,28.081134,28.5335608,137.146139,886.156439,707.58287,,,,,,,,,,,,,,,,,,,,,,,
2024-05-16 12:03:41.620,273,28.0795559,28.5810009,143.038119,887.741917,715.414904,,,,,,,,,,,,,,,,,,,,,,,
2024-05-16 12:03:46.647,274,28.0585624,28.6074217,149.480885,875.912097,715.814391,,,,,,,,,,,,,,,,,,,,,,,
2024-05-16 12:03:51.640,275,28.0325769,28.6410687,155.950758,872.318797,718.899266,,,,,,,,,,,,,,,,,,,,,,,
2024-05-16 12:03:56.617,276,28.0337263,28.7051877,162.153175,871.811976,716.783219,,,,,,,,,,,,,,,,,,,,,,,
2024-05-16 12:04:01.617,277,27.9924218,28.7083345,168.420469,862.802128,708.964061,,,,,,,,,,,,,,,,,,,,,,,
2024-05-16 12:04:06.617,278,27.9989668,28.7851214,174.64673,855.667629,704.413272,,,,,,,,,,,,,,,,,,,,,,,
2024-05-16 12:04:11.617,279,27.9455591,28.8009766,180.358107,854.860288,709.80962,,,,,,,,,,,,,,,,,,,,,,,
2024-05-16 12:04:16.617,280,27.9456942,28.8616353,186.639161,852.325369,695.081635,,,,,,,,,,,,,,,,,,,,,,,
2024-05-16 12:04:21.649,281,27.9661919,28.9360817,192.666909,852.670717,685.778252,,,,,,,,,,,,,,,,,,,,,,,
2024-05-16 12:04:26.617,282,27.9595172,29.0362351,198.803062,853.945951,686.145289,,,,,,,,,,,,,,,,,,,,,,,
2024-05-16 12:04:31.635,283,27.9656098,29.0921625,204.586009,853.847892,690.022531,,,,,,,,,,,,,,,,,,,,,,,
2024-05-16 12:04:36.644,284,27.9728881,29.1907124,227.632298,849.314953,687.194835,,,,,,,,,,,,,,,,,,,,,,,
2024-05-16 12:04:41.676,285,27.9681526,29.2781332,257.980748,847.259489,686.395203,,,,,,,,,,,,,,,,,,,,,,,
2024-05-16 12:04:46.623,286,27.9818951,29.3476669,283.640855,842.818544,682.67942,,,,,,,,,,,,,,,,,,,,,,,
2024-05-16 12:04:51.659,287,27.9943944,29.4440607,305.578571,839.510681,678.069692,,,,,,,,,,,,,,,,,,,,,,,
2024-05-16 12:04:56.617,288,28.7506983,29.5686431,319.661973,840.645287,679.305983,,,,,,,,,,,,,,,,,,,,,,,
2024-05-16 12:05:01.666,289,28.7227521,29.6690281,310.752603,843.753073,677.910403,,,,,,,,,,,,,,,,,,,,,,,
2024-05-16 12:05:06.656,290,28.7137406,29.748782,292.618438,844.469198,677.424299,,,,,,,,,,,,,,,,,,,,,,,
2024-05-16 12:05:11.622,291,28.68203,29.8635116,285.531053,845.05218,678.652995,,,,,,,,,,,,,,,,,,,,,,,
2024-05-16 12:05:16.623,292,28.6791856,29.923102,286.693528,844.581673,679.014906,,,,,,,,,,,,,,,,,,,,,,,
2024-05-16 12:05:21.621,293,28.6750817,30.0303781,299.305094,844.258321,675.985208,,,,,,,,,,,,,,,,,,,,,,,
2024-05-16 12:05:26.695,294,28.7005643,30.1794869,376.111248,838.935002,670.09483,,,,,,,,,,,,,,,,,,,,,,,
2024-05-16 12:05:31.632,295,28.6999664,30.2909056,444.27497,836.256217,668.36132,,,,,,,,,,,,,,,,,,,,,,,
2024-05-16 12:05:36.649,296,28.2026373,30.2080844,511.500222,835.324295,664.882215,,,,,,,,,,,,,,,,,,,,,,,
2024-05-16 12:05:41.617,297,28.0561911,30.1966754,596.019417,833.877356,664.368,,,,,,,,,,,,,,,,,,,,,,,
2024-05-16 12:05:46.617,298,27.9393526,30.2217487,680.401462,824.541045,663.430114,,,,,,,,,,,,,,,,,,,,,,,
2024-05-16 12:05:51.617,299,27.8597083,30.2118941,712.290492,816.751209,661.705543,,,,,,,,,,,,,,,,,,,,,,,
2024-05-16 12:05:56.651,300,27.8668033,30.2363567,727.95286,812.898951,661.815601,,,,,,,,,,,,,,,,,,,,,,,
2024-05-16 12:06:01.705,301,27.8563789,30.4123193,725.919593,813.274712,664.271296,,,,,,,,,,,,,,,,,,,,,,,
2024-05-16 12:06:06.617,302,27.794625,30.6603304,741.76439,812.892099,664.163783,,,,,,,,,,,,,,,,,,,,,,,
2024-05-16 12:06:11.671,303,27.7866603,30.9443559,748.612081,812.266502,664.405233,,,,,,,,,,,,,,,,,,,,,,,
2024-05-16 12:06:16.626,304,27.7707878,31.252401,751.117607,813.018753,665.227328,,,,,,,,,,,,,,,,,,,,,,,
2024-05-16 12:06:21.663,305,27.8739927,31.6364181,767.294554,813.493439,665.120183,,,,,,,,,,,,,,,,,,,,,,,
2024-05-16 12:06:26.617,306,27.9936972,32.0452667,756.481112,813.300417,662.709029,,,,,,,,,,,,,,,,,,,,,,,
2024-05-16 12:06:31.617,307,28.1256673,32.4916183,638.730178,814.743461,661.502968,,,,,,,,,,,,,,,,,,,,,,,
2024-05-16 12:06:36.646,308,28.1579813,32.9207378,579.839046,816.010828,661.138008,,,,,,,,,,,,,,,,,,,,,,,
2024-05-16 12:06:41.656,309,28.1544688,33.3821588,569.827337,816.246697,662.454009,,,,,,,,,,,,,,,,,,,,,,,
2024-05-16 12:06:46.639,310,28.2113947,33.8032107,669.102268,813.356863,662.281845,,,,,,,,,,,,,,,,,,,,,,,
2024-05-16 12:06:51.617,311,28.2130559,34.2795297,773.63519,807.019254,659.941831,,,,,,,,,,,,,,,,,,,,,,,
2024-05-16 12:06:56.697,312,28.3467029,34.8337259,780.066086,804.004259,659.266529,,,,,,,,,,,,,,,,,,,,,,,
2024-05-16 12:07:01.617,313,28.3916785,35.4476241,785.670102,803.515457,658.246878,,,,,,,,,,,,,,,,,,,,,,,
2024-05-16 12:07:06.617,314,28.4950721,35.9969665,786.213044,800.12403,655.587259,,,,,,,,,,,,,,,,,,,,,,,
2024-05-16 12:07:11.617,315,28.5941296,36.6296393,769.3576,799.732324,656.908473,,,,,,,,,,,,,,,,,,,,,,,
2024-05-16 12:07:16.617,316,28.6938139,37.2586867,764.524852,796.470736,654.710087,,,,,,,,,,,,,,,,,,,,,,,
2024-05-16 12:07:21.617,317,28.7426457,37.901587,769.250732,793.276207,651.704469,,,,,,,,,,,,,,,,,,,,,,,
2024-05-16 12:07:26.629,318,28.8717247,38.621426,776.170106,791.587662,650.646829,,,,,,,,,,,,,,,,,,,,,,,
2024-05-16 12:07:31.634,319,28.996139,39.3626723,788.002754,791.411149,650.655942,,,,,,,,,,,,,,,,,,,,,,,
2024-05-16 12:07:36.617,320,29.0420191,40.2787084,795.467911,793.001683,648.752344,,,,,,,,,,,,,,,,,,,,,,,
2024-05-16 12:07:41.618,321,29.2020119,41.1740403,798.270188,791.985161,647.635121,,,,,,,,,,,,,,,,,,,,,,,
2024-05-16 12:07:46.633,322,29.3564992,42.1686383,793.838663,792.025331,647.42629,,,,,,,,,,,,,,,,,,,,,,,
2024-05-16 12:07:51.617,323,29.5463315,43.2806841,778.241569,790.436705,645.462423,,,,,,,,,,,,,,,,,,,,,,,
2024-05-16 12:07:56.617,324,29.717968,44.409318,775.978339,789.704493,644.967209,,,,,,,,,,,,,,,,,,,,,,,
2024-05-16 12:08:01.643,325,29.891081,45.776511,778.828476,789.973874,644.744267,,,,,,,,,,,,,,,,,,,,,,,
2024-05-16 12:08:06.658,326,30.0638638,47.3495685,784.723493,789.84325,642.389073,,,,,,,,,,,,,,,,,,,,,,,
2024-05-16 12:08:11.617,327,30.2171818,49.1157445,782.76727,788.408583,637.901916,,,,,,,,,,,,,,,,,,,,,,,
2024-05-16 12:08:16.617,328,30.3991597,51.013751,781.356752,787.010696,635.945179,,,,,,,,,,,,,,,,,,,,,,,
2024-05-16 12:08:21.617,329,30.6116235,53.0806518,783.205245,785.671831,634.348425,,,,,,,,,,,,,,,,,,,,,,,
2024-05-16 12:08:26.620,330,30.7930235,55.1118314,788.923181,785.384026,633.374895,,,,,,,,,,,,,,,,,,,,,,,
2024-05-16 12:08:31.617,331,31.0131613,56.9203763,785.27764,785.409879,632.87286,,,,,,,,,,,,,,,,,,,,,,,
2024-05-16 12:08:36.628,332,31.2345378,58.6351749,760.824603,781.636511,631.649807,,,,,,,,,,,,,,,,,,,,,,,
2024-05-16 12:08:41.644,333,31.4332043,60.3606024,760.20181,781.199397,631.683148,,,,,,,,,,,,,,,,,,,,,,,
2024-05-16 12:08:46.641,334,31.618878,62.3080343,774.108587,781.957962,630.987786,,,,,,,,,,,,,,,,,,,,,,,
2024-05-16 12:08:51.643,335,31.8988562,64.4417676,785.120058,780.701831,629.389269,,,,,,,,,,,,,,,,,,,,,,,
2024-05-16 12:08:56.670,336,32.143985,66.7676082,796.222582,781.576892,627.067482,,,,,,,,,,,,,,,,,,,,,,,
2024-05-16 12:09:01.637,337,32.4403636,68.8950027,802.472334,782.820856,628.824403,,,,,,,,,,,,,,,,,,,,,,,
2024-05-16 12:09:06.617,338,32.7382038,71.422933,805.384473,783.140817,629.555297,,,,,,,,,,,,,,,,,,,,,,,
2024-05-16 12:09:11.617,339,32.9677827,74.4070629,810.073808,783.000138,630.076282,,,,,,,,,,,,,,,,,,,,,,,
2024-05-16 12:09:16.617,340,33.199008,78.2155141,809.200419,780.902244,628.639121,,,,,,,,,,,,,,,,,,,,,,,
2024-05-16 12:09:21.617,341,33.4357083,81.8268231,797.941512,777.171647,628.771501,,,,,,,,,,,,,,,,,,,,,,,
2024-05-16 12:09:26.617,342,33.7727976,84.6851705,802.199366,776.026635,629.987792,,,,,,,,,,,,,,,,,,,,,,,
2024-05-16 12:09:31.617,343,34.0926505,87.5830514,797.456978,774.217477,671.636721,,,,,,,,,,,,,,,,,,,,,,,
2024-05-16 12:09:36.617,344,34.5267626,90.5039838,813.630481,771.830981,674.59529,,,,,,,,,,,,,,,,,,,,,,,
2024-05-16 12:09:41.629,345,34.9437101,93.987802,823.223649,766.637356,661.995094,,,,,,,,,,,,,,,,,,,,,,,
2024-05-16 12:09:46.617,346,35.4205516,99.162144,832.831582,764.388279,660.119961,,,,,,,,,,,,,,,,,,,,,,,
2024-05-16 12:09:51.617,347,35.8262209,105.053699,841.258656,763.592681,661.351475,,,,,,,,,,,,,,,,,,,,,,,
2024-05-16 12:09:56.617,348,36.2621316,109.331151,847.484028,762.174702,660.307504,,,,,,,,,,,,,,,,,,,,,,,
2024-05-16 12:10:01.647,349,36.6215408,113.028945,839.231821,760.143362,658.056026,,,,,,,,,,,,,,,,,,,,,,,
2024-05-16 12:10:06.617,350,37.0780333,116.659951,822.69528,755.489705,655.004231,,,,,,,,,,,,,,,,,,,,,,,
2024-05-16 12:10:11.654,351,35.5549749,120.648212,812.525822,749.886531,652.597714,,,,,,,,,,,,,,,,,,,,,,,
2024-05-16 12:10:16.617,352,35.9839658,126.055976,813.400666,747.311318,651.923538,,,,,,,,,,,,,,,,,,,,,,,
2024-05-16 12:10:21.648,353,36.3627339,134.508247,814.191058,745.189572,652.258126,,,,,,,,,,,,,,,,,,,,,,,
2024-05-16 12:10:26.617,354,36.7207163,140.660116,815.254134,744.102782,649.624562,,,,,,,,,,,,,,,,,,,,,,,
2024-05-16 12:10:31.617,355,37.0353638,143.939929,818.831539,743.320329,650.260241,,,,,,,,,,,,,,,,,,,,,,,
2024-05-16 12:10:36.652,356,37.350152,145.554888,823.156307,741.631042,646.798009,,,,,,,,,,,,,,,,,,,,,,,
2024-05-16 12:10:41.630,357,37.6739573,148.001825,819.228508,736.150637,642.306734,,,,,,,,,,,,,,,,,,,,,,,
2024-05-16 12:10:46.681,358,38.0575419,151.208539,817.907904,732.310449,641.184575,,,,,,,,,,,,,,,,,,,,,,,
2024-05-16 12:10:51.645,359,38.2773502,155.202403,815.380097,728.914155,637.104589,,,,,,,,,,,,,,,,,,,,,,,
2024-05-16 12:10:56.617,360,38.5927014,164.675523,811.613165,725.876568,637.573132,,,,,,,,,,,,,,,,,,,,,,,
2024-05-16 12:11:01.617,361,38.9242823,181.18406,810.033099,723.810955,633.425647,,,,,,,,,,,,,,,,,,,,,,,
2024-05-16 12:11:06.665,362,39.2349857,194.622132,811.040465,723.293071,634.833637,,,,,,,,,,,,,,,,,,,,,,,
2024-05-16 12:11:11.617,363,39.6709308,202.424213,801.903407,720.453892,631.456969,,,,,,,,,,,,,,,,,,,,,,,
2024-05-16 12:11:16.617,364,39.9467518,205.805173,795.463109,718.193035,631.928558,,,,,,,,,,,,,,,,,,,,,,,
2024-05-16 12:11:21.623,365,40.6524104,208.28798,788.384665,716.039717,632.053932,,,,,,,,,,,,,,,,,,,,,,,
2024-05-16 12:11:26.617,366,40.9829018,210.407897,787.532992,714.349836,630.771941,,,,,,,,,,,,,,,,,,,,,,,
2024-05-16 12:11:31.617,367,41.4475331,213.068658,788.677991,713.090261,629.110831,,,,,,,,,,,,,,,,,,,,,,,
2024-05-16 12:11:36.617,368,42.4238414,217.956225,790.530866,712.177477,629.410169,,,,,,,,,,,,,,,,,,,,,,,
2024-05-16 12:11:41.620,369,41.9572838,222.170324,793.16339,711.820132,632.866793,,,,,,,,,,,,,,,,,,,,,,,
2024-05-16 12:11:46.646,370,45.2587012,223.209061,796.831601,714.681076,641.675999,,,,,,,,,,,,,,,,,,,,,,,
2024-05-16 12:11:51.617,371,41.909672,242.054184,788.229905,712.587931,637.65055,,,,,,,,,,,,,,,,,,,,,,,
2024-05-16 12:11:56.617,372,45.9876462,289.313841,784.460434,710.679895,638.924894,,,,,,,,,,,,,,,,,,,,,,,
2024-05-16 12:12:01.683,373,45.1807626,297.984958,777.974135,706.598786,635.887718,,,,,,,,,,,,,,,,,,,,,,,
2024-05-16 12:12:06.646,374,46.1720569,303.120858,769.348256,700.985447,631.375679,,,,,,,,,,,,,,,,,,,,,,,
2024-05-16 12:12:11.619,375,47.2316245,311.039704,766.212638,696.566295,628.053016,,,,,,,,,,,,,,,,,,,,,,,
2024-05-16 12:12:16.617,376,48.4355648,336.877487,757.651472,692.6642,624.440666,,,,,,,,,,,,,,,,,,,,,,,
2024-05-16 12:12:21.617,377,59.0619111,387.140144,757.192427,690.246692,623.800935,,,,,,,,,,,,,,,,,,,,,,,
2024-05-16 12:12:26.617,378,62.3951978,683.286628,760.451381,687.245886,619.469341,,,,,,,,,,,,,,,,,,,,,,,
2024-05-16 12:12:31.617,379,65.6082776,646.403685,773.073483,687.214178,624.481543,,,,,,,,,,,,,,,,,,,,,,,
2024-05-16 12:12:36.631,380,68.6809936,710.872156,789.327921,692.788067,631.478875,,,,,,,,,,,,,,,,,,,,,,,
2024-05-16 12:12:41.642,381,72.9042266,724.394339,807.497637,696.056966,629.582166,,,,,,,,,,,,,,,,,,,,,,,
2024-05-16 12:12:46.652,382,77.2703456,822.202201,821.292758,696.10799,629.041909,,,,,,,,,,,,,,,,,,,,,,,
2024-05-16 12:12:51.617,383,105.28774,907.223537,894.101572,704.084751,635.497712,,,,,,,,,,,,,,,,,,,,,,,
2024-05-16 12:12:56.617,384,135.18464,907.826571,928.251205,714.762311,641.410289,,,,,,,,,,,,,,,,,,,,,,,
2024-05-16 12:13:01.650,385,147.732288,900.661274,944.385646,720.599916,644.96558,,,,,,,,,,,,,,,,,,,,,,,
2024-05-16 12:13:06.647,386,153.693845,889.077489,934.433776,701.264822,634.243462,,,,,,,,,,,,,,,,,,,,,,,
2024-05-16 12:13:11.651,387,156.919246,883.261977,930.593891,670.736904,627.908014,,,,,,,,,,,,,,,,,,,,,,,
2024-05-16 12:13:16.617,388,158.379128,903.930016,958.836095,669.462546,628.518024,,,,,,,,,,,,,,,,,,,,,,,
2024-05-16 12:13:21.617,389,159.574882,919.869952,971.754903,670.174966,630.941533,,,,,,,,,,,,,,,,,,,,,,,
2024-05-16 12:13:26.617,390,160.046111,922.248493,982.687884,667.819528,630.227812,,,,,,,,,,,,,,,,,,,,,,,
2024-05-16 12:13:31.617,391,160.852545,921.681284,988.203376,668.05739,631.054507,,,,,,,,,,,,,,,,,,,,,,,
2024-05-16 12:13:36.617,392,160.571531,925.630766,989.705587,669.10813,626.834679,,,,,,,,,,,,,,,,,,,,,,,
2024-05-16 12:13:41.630,393,161.292087,932.084647,983.121264,669.166835,624.139517,,,,,,,,,,,,,,,,,,,,,,,
2024-05-16 12:13:46.668,394,162.062103,929.439574,980.429413,675.135785,636.471551,,,,,,,,,,,,,,,,,,,,,,,
2024-05-16 12:13:51.658,395,162.749481,924.24304,978.336402,672.354102,635.787809,,,,,,,,,,,,,,,,,,,,,,,
2024-05-16 12:13:56.624,396,163.828021,912.462537,976.794039,671.585661,641.941319,,,,,,,,,,,,,,,,,,,,,,,
2024-05-16 12:14:01.632,397,164.941245,881.984403,974.57595,672.587032,632.808891,,,,,,,,,,,,,,,,,,,,,,,
2024-05-16 12:14:06.700,398,166.19183,845.448907,970.613891,671.525651,625.25645,,,,,,,,,,,,,,,,,,,,,,,
2024-05-16 12:14:11.617,399,166.803643,840.646222,968.730919,670.799392,629.389213,,,,,,,,,,,,,,,,,,,,,,,
2024-05-16 12:14:16.648,400,168.20591,845.06115,968.819168,671.407495,624.936849,,,,,,,,,,,,,,,,,,,,,,,
2024-05-16 12:14:21.623,401,170.35233,851.729901,968.03209,671.125678,622.608314,,,,,,,,,,,,,,,,,,,,,,,
2024-05-16 12:14:26.617,402,172.08338,852.205941,965.978987,670.062208,618.852712,,,,,,,,,,,,,,,,,,,,,,,
2024-05-16 12:14:31.617,403,174.185353,854.303035,964.552786,670.426737,621.83059,,,,,,,,,,,,,,,,,,,,,,,
2024-05-16 12:14:36.617,404,176.058581,852.994804,964.253927,671.32851,597.982093,,,,,,,,,,,,,,,,,,,,,,,
2024-05-16 12:14:41.655,405,177.40004,852.232278,966.702497,670.969167,589.660958,,,,,,,,,,,,,,,,,,,,,,,
2024-05-16 12:14:46.645,406,178.893981,853.129637,967.849615,670.208137,615.529865,,,,,,,,,,,,,,,,,,,,,,,
2024-05-16 12:14:51.617,407,180.690419,854.217144,969.105962,670.759535,609.645274,,,,,,,,,,,,,,,,,,,,,,,
2024-05-16 12:14:56.640,408,182.451694,850.641468,968.826411,676.350325,606.150836,,,,,,,,,,,,,,,,,,,,,,,
2024-05-16 12:15:01.617,409,184.213652,844.020405,968.22286,678.486892,608.80704,,,,,,,,,,,,,,,,,,,,,,,
2024-05-16 12:15:06.666,410,186.380463,842.023362,969.187604,678.914315,615.700066,,,,,,,,,,,,,,,,,,,,,,,
2024-05-16 12:15:11.617,411,188.547636,829.065088,971.997901,679.765954,613.254144,,,,,,,,,,,,,,,,,,,,,,,
2024-05-16 12:15:16.626,412,191.398284,841.730914,978.168104,679.774542,606.296191,,,,,,,,,,,,,,,,,,,,,,,
2024-05-16 12:15:21.617,413,195.562909,844.560887,984.519069,678.081706,606.915304,,,,,,,,,,,,,,,,,,,,,,,
2024-05-16 12:15:26.625,414,200.415074,839.247356,987.737957,676.323359,590.05063,,,,,,,,,,,,,,,,,,,,,,,
2024-05-16 12:15:31.617,415,205.776429,837.668854,988.06062,674.377653,607.939657,,,,,,,,,,,,,,,,,,,,,,,
2024-05-16 12:15:36.642,416,211.311439,843.614336,986.575943,670.967311,599.537842,,,,,,,,,,,,,,,,,,,,,,,
2024-05-16 12:15:41.635,417,216.170291,848.146742,983.430721,668.782589,604.573078,,,,,,,,,,,,,,,,,,,,,,,
2024-05-16 12:15:46.644,418,221.486562,856.373017,969.71578,667.49691,607.409852,,,,,,,,,,,,,,,,,,,,,,,
2024-05-16 12:15:51.639,419,226.636397,858.826747,968.015078,666.665614,604.940064,,,,,,,,,,,,,,,,,,,,,,,
2024-05-16 12:15:56.618,420,231.426573,860.192849,958.723316,665.409524,596.345197,,,,,,,,,,,,,,,,,,,,,,,
2024-05-16 12:16:01.617,421,237.579436,864.575477,932.159878,663.718395,604.610149,,,,,,,,,,,,,,,,,,,,,,,
2024-05-16 12:16:06.632,422,245.029915,869.351783,917.321862,662.452831,594.885244,,,,,,,,,,,,,,,,,,,,,,,
2024-05-16 12:16:11.653,423,255.611774,878.276187,917.174053,661.117436,601.941949,,,,,,,,,,,,,,,,,,,,,,,
2024-05-16 12:16:16.662,424,265.14467,878.656212,914.787308,659.417541,603.219704,,,,,,,,,,,,,,,,,,,,,,,
2024-05-16 12:16:21.640,425,272.641955,879.426555,942.044548,659.238615,601.488028,,,,,,,,,,,,,,,,,,,,,,,
2024-05-16 12:16:26.645,426,277.211504,883.464502,947.146517,655.357136,596.32594,,,,,,,,,,,,,,,,,,,,,,,
2024-05-16 12:16:31.629,427,279.814704,886.761338,939.893913,652.091092,582.267599,,,,,,,,,,,,,,,,,,,,,,,
2024-05-16 12:16:36.617,428,283.431715,891.075049,933.419395,651.560631,586.235103,,,,,,,,,,,,,,,,,,,,,,,
2024-05-16 12:16:41.624,429,287.970287,885.90538,926.395742,652.921055,586.126253,,,,,,,,,,,,,,,,,,,,,,,
2024-05-16 12:16:46.617,430,297.522869,884.481007,920.305431,653.540473,589.177447,,,,,,,,,,,,,,,,,,,,,,,
2024-05-16 12:16:51.617,431,329.943138,885.231797,919.664192,653.586228,587.223756,,,,,,,,,,,,,,,,,,,,,,,
2024-05-16 12:16:56.617,432,356.692614,886.002527,922.648345,652.790469,586.049546,,,,,,,,,,,,,,,,,,,,,,,
2024-05-16 12:17:01.637,433,373.779513,889.664329,925.150501,652.547347,586.867711,,,,,,,,,,,,,,,,,,,,,,,
2024-05-16 12:17:06.617,434,381.752302,894.659002,928.68202,651.357897,587.30136,,,,,,,,,,,,,,,,,,,,,,,
2024-05-16 12:17:11.636,435,389.923427,901.218528,928.895068,650.931677,586.25412,,,,,,,,,,,,,,,,,,,,,,,
2024-05-16 12:17:16.684,436,401.141039,905.694168,924.209452,651.217305,584.607055,,,,,,,,,,,,,,,,,,,,,,,
2024-05-16 12:17:21.617,437,399.421116,909.354826,914.521833,649.490563,582.737186,,,,,,,,,,,,,,,,,,,,,,,
2024-05-16 12:17:26.639,438,398.956747,919.262344,832.016481,649.551221,585.114471,,,,,,,,,,,,,,,,,,,,,,,
2024-05-16 12:17:31.640,439,405.380142,930.637161,820.382357,646.504714,586.658044,,,,,,,,,,,,,,,,,,,,,,,
2024-05-16 12:17:36.641,440,407.903143,939.120594,814.637926,645.651929,586.387918,,,,,,,,,,,,,,,,,,,,,,,
2024-05-16 12:17:41.617,441,413.386095,945.270922,810.499183,645.182272,586.650768,,,,,,,,,,,,,,,,,,,,,,,
2024-05-16 12:17:46.617,442,424.758958,953.014468,807.518056,644.50708,586.998722,,,,,,,,,,,,,,,,,,,,,,,
2024-05-16 12:17:51.617,443,437.976393,956.031984,805.744803,645.734997,585.710492,,,,,,,,,,,,,,,,,,,,,,,
2024-05-16 12:17:56.617,444,464.97481,957.882545,804.03757,645.901362,589.73613,,,,,,,,,,,,,,,,,,,,,,,
2024-05-16 12:18:01.617,445,238.425616,958.319263,804.28294,646.743861,583.582408,,,,,,,,,,,,,,,,,,,,,,,
2024-05-16 12:18:06.617,446,561.989409,950.76214,802.31563,648.479786,577.084874,,,,,,,,,,,,,,,,,,,,,,,
2024-05-16 12:18:11.663,447,729.715024,911.464288,799.047787,649.597468,573.869329,,,,,,,,,,,,,,,,,,,,,,,
2024-05-16 12:18:16.617,448,661.217124,885.220783,795.243757,650.342319,572.362561,,,,,,,,,,,,,,,,,,,,,,,
2024-05-16 12:18:21.637,449,633.176338,872.670657,790.785614,649.497385,571.101388,,,,,,,,,,,,,,,,,,,,,,,
2024-05-16 12:18:26.641,450,621.423223,865.293651,787.104009,650.136005,568.966172,,,,,,,,,,,,,,,,,,,,,,,
2024-05-16 12:18:31.625,451,582.712043,863.447078,783.884039,649.727015,566.919232,,,,,,,,,,,,,,,,,,,,,,,
2024-05-16 12:18:36.624,452,585.057169,862.285714,780.914854,648.15894,567.060547,,,,,,,,,,,,,,,,,,,,,,,
2024-05-16 12:18:41.628,453,577.980751,864.166897,777.977305,646.659294,564.869325,,,,,,,,,,,,,,,,,,,,,,,
2024-05-16 12:18:46.617,454,786.628456,812.524459,776.865807,643.38664,562.149498,,,,,,,,,,,,,,,,,,,,,,,
2024-05-16 12:18:51.622,455,789.242169,795.58519,775.724266,640.886066,564.802095,,,,,,,,,,,,,,,,,,,,,,,
2024-05-16 12:18:56.660,456,776.747611,788.001575,774.422006,636.124565,563.303999,,,,,,,,,,,,,,,,,,,,,,,
2024-05-16 12:19:01.643,457,776.851389,786.215681,773.09546,632.489478,565.453842,,,,,,,,,,,,,,,,,,,,,,,
2024-05-16 12:19:06.617,458,784.047412,790.843703,771.843576,631.21144,561.841974,,,,,,,,,,,,,,,,,,,,,,,
2024-05-16 12:19:11.639,459,787.731311,796.243351,770.899447,629.958087,565.993838,,,,,,,,,,,,,,,,,,,,,,,
2024-05-16 12:19:16.629,460,792.196798,796.671488,770.518789,627.401787,561.40584,,,,,,,,,,,,,,,,,,,,,,,
2024-05-16 12:19:21.617,461,765.783231,802.811037,769.611692,625.789812,565.738321,,,,,,,,,,,,,,,,,,,,,,,
2024-05-16 12:19:26.666,462,753.287008,804.201637,768.640916,624.422161,566.069536,,,,,,,,,,,,,,,,,,,,,,,
2024-05-16 12:19:31.617,463,751.919717,807.627798,768.091413,623.702251,563.744662,,,,,,,,,,,,,,,,,,,,,,,
2024-05-16 12:19:36.630,464,754.852908,812.203876,767.551151,623.704277,558.979529,,,,,,,,,,,,,,,,,,,,,,,
2024-05-16 12:19:41.624,465,755.748336,823.08759,767.086144,622.880375,560.443882,,,,,,,,,,,,,,,,,,,,,,,
2024-05-16 12:19:46.686,466,754.865408,824.935111,766.692514,621.994352,571.037982,,,,,,,,,,,,,,,,,,,,,,,
2024-05-16 12:19:51.664,467,753.218696,815.957826,766.356292,621.552264,566.17488,,,,,,,,,,,,,,,,,,,,,,,
2024-05-16 12:19:56.627,468,740.437484,793.546923,766.221896,621.048621,567.574855,,,,,,,,,,,,,,,,,,,,,,,
2024-05-16 12:20:01.640,469,718.860195,784.464015,766.298847,620.496274,568.308074,,,,,,,,,,,,,,,,,,,,,,,
2024-05-16 12:20:06.649,470,713.713246,779.578855,766.569872,620.072292,564.415449,,,,,,,,,,,,,,,,,,,,,,,
2024-05-16 12:20:11.617,471,712.15354,778.275972,766.954805,620.016842,569.105408,,,,,,,,,,,,,,,,,,,,,,,
2024-05-16 12:20:16.651,472,710.715653,778.514327,767.247166,620.024811,567.334574,,,,,,,,,,,,,,,,,,,,,,,
2024-05-16 12:20:21.617,473,713.537518,775.584554,766.595375,619.4982,570.880715,,,,,,,,,,,,,,,,,,,,,,,
2024-05-16 12:20:26.635,474,712.895125,774.568787,765.595896,618.861187,568.60515,,,,,,,,,,,,,,,,,,,,,,,
2024-05-16 12:20:31.644,475,713.589187,772.822498,764.479486,618.661764,571.226238,,,,,,,,,,,,,,,,,,,,,,,
2024-05-16 12:20:36.662,476,715.49774,770.43844,763.173437,617.911452,576.086927,,,,,,,,,,,,,,,,,,,,,,,
2024-05-16 12:20:41.623,477,707.983259,771.125839,761.771825,618.064182,563.697116,,,,,,,,,,,,,,,,,,,,,,,
2024-05-16 12:20:46.617,478,702.975034,768.490781,760.137316,617.748314,566.292517,,,,,,,,,,,,,,,,,,,,,,,
2024-05-16 12:20:51.617,479,703.11288,768.485781,758.102097,617.255821,566.869617,,,,,,,,,,,,,,,,,,,,,,,
2024-05-16 12:20:56.622,480,702.471359,770.109246,756.199531,615.950458,565.501223,,,,,,,,,,,,,,,,,,,,,,,
2024-05-16 12:21:01.618,481,697.573891,768.337673,754.778613,615.561933,569.415977,,,,,,,,,,,,,,,,,,,,,,,
2024-05-16 12:21:06.664,482,694.367963,770.378188,753.428922,615.090463,570.296221,,,,,,,,,,,,,,,,,,,,,,,
2024-05-16 12:21:11.670,483,694.876585,767.839381,752.057724,614.652192,568.504963,,,,,,,,,,,,,,,,,,,,,,,
2024-05-16 12:21:16.690,484,697.038132,766.919889,750.521295,612.959575,566.262929,,,,,,,,,,,,,,,,,,,,,,,
2024-05-16 12:21:21.630,485,698.190048,766.791586,749.169319,611.783898,563.73804,,,,,,,,,,,,,,,,,,,,,,,
2024-05-16 12:21:26.617,486,694.66386,769.166519,747.862604,611.120205,558.237027,,,,,,,,,,,,,,,,,,,,,,,
2024-05-16 12:21:31.620,487,686.91792,771.555317,746.580342,610.176164,568.685101,,,,,,,,,,,,,,,,,,,,,,,
2024-05-16 12:21:36.617,488,684.114706,776.914674,745.167054,610.051931,567.909987,,,,,,,,,,,,,,,,,,,,,,,
2024-05-16 12:21:41.649,489,681.128485,755.198082,743.581446,609.465746,567.091434,,,,,,,,,,,,,,,,,,,,,,,
2024-05-16 12:21:46.617,490,669.230252,746.902626,741.591428,616.743461,522.994248,,,,,,,,,,,,,,,,,,,,,,,
2024-05-16 12:21:51.617,491,663.513793,740.918024,739.356416,615.449065,515.161543,,,,,,,,,,,,,,,,,,,,,,,
2024-05-16 12:21:56.624,492,660.305326,743.594424,737.028293,615.366827,518.250029,,,,,,,,,,,,,,,,,,,,,,,
2024-05-16 12:22:01.617,493,658.49835,740.600314,734.650857,616.672191,518.010525,,,,,,,,,,,,,,,,,,,,,,,
2024-05-16 12:22:06.640,494,657.28443,737.997207,732.346092,615.750468,517.910675,,,,,,,,,,,,,,,,,,,,,,,
2024-05-16 12:22:11.617,495,656.424206,737.593618,730.399024,615.031944,517.454993,,,,,,,,,,,,,,,,,,,,,,,
2024-05-16 12:22:16.617,496,656.318079,738.173995,728.588562,614.056568,509.902014,,,,,,,,,,,,,,,,,,,,,,,
2024-05-16 12:22:21.617,497,657.01963,739.402385,727.039231,614.451658,519.123938,,,,,,,,,,,,,,,,,,,,,,,
2024-05-16 12:22:26.617,498,657.424084,740.714882,725.609856,613.602344,512.582859,,,,,,,,,,,,,,,,,,,,,,,
2024-05-16 12:22:31.640,499,657.463879,741.615407,724.31096,612.721167,515.039365,,,,,,,,,,,,,,,,,,,,,,,
2024-05-16 12:22:36.617,500,658.276773,743.685209,723.13666,612.565832,515.665747,,,,,,,,,,,,,,,,,,,,,,,
2024-05-16 12:22:41.648,501,660.201494,744.396094,721.977498,611.714058,512.423867,,,,,,,,,,,,,,,,,,,,,,,
2024-05-16 12:22:46.620,502,662.049961,743.207573,720.889089,609.879357,502.114743,,,,,,,,,,,,,,,,,,,,,,,
2024-05-16 12:22:51.629,503,664.218479,744.027251,719.896036,608.2484,505.645779,,,,,,,,,,,,,,,,,,,,,,,
2024-05-16 12:22:56.632,504,675.397088,770.419116,719.132545,608.714614,512.039383,,,,,,,,,,,,,,,,,,,,,,,
2024-05-16 12:23:01.617,505,678.838654,777.079504,718.736879,608.821006,511.831736,,,,,,,,,,,,,,,,,,,,,,,
2024-05-16 12:23:06.617,506,681.199851,780.332582,718.400822,609.830993,513.709876,,,,,,,,,,,,,,,,,,,,,,,
2024-05-16 12:23:11.647,507,683.121075,783.262589,718.050676,608.733418,512.25929,,,,,,,,,,,,,,,,,,,,,,,
2024-05-16 12:23:16.640,508,684.777182,785.074826,717.602707,608.710021,510.021053,,,,,,,,,,,,,,,,,,,,,,,
2024-05-16 12:23:21.662,509,686.30028,785.976333,717.164359,609.796217,509.899627,,,,,,,,,,,,,,,,,,,,,,,
2024-05-16 12:23:26.619,510,688.091939,788.601553,716.786604,610.693445,512.202066,,,,,,,,,,,,,,,,,,,,,,,
2024-05-16 12:23:31.631,511,689.251236,785.464672,716.331273,610.541107,510.870476,,,,,,,,,,,,,,,,,,,,,,,
2024-05-16 12:23:36.617,512,689.479956,779.629807,715.996194,611.462809,513.450825,,,,,,,,,,,,,,,,,,,,,,,
2024-05-16 12:23:41.624,513,690.213137,780.852514,715.435305,611.650337,513.324773,,,,,,,,,,,,,,,,,,,,,,,
2024-05-16 12:23:46.658,514,690.501016,777.056248,715.021052,611.858125,515.094316,,,,,,,,,,,,,,,,,,,,,,,
2024-05-16 12:23:51.642,515,690.873855,768.965954,714.68283,610.839113,513.835151,,,,,,,,,,,,,,,,,,,,,,,
2024-05-16 12:23:56.617,516,691.620434,767.595005,714.220691,611.609988,515.247647,,,,,,,,,,,,,,,,,,,,,,,
2024-05-16 12:24:01.622,517,692.712148,768.550407,713.792917,611.469856,516.811058,,,,,,,,,,,,,,,,,,,,,,,
2024-05-16 12:24:06.625,518,693.992123,768.43941,713.466744,612.109718,514.955669,,,,,,,,,,,,,,,,,,,,,,,
2024-05-16 12:24:11.630,519,695.405343,769.057235,713.188496,612.403147,511.686283,,,,,,,,,,,,,,,,,,,,,,,
2024-05-16 12:24:16.617,520,696.534238,771.265471,713.006083,612.247572,509.019369,,,,,,,,,,,,,,,,,,,,,,,
2024-05-16 12:24:21.674,521,698.000813,772.243877,713.016897,613.029314,511.353061,,,,,,,,,,,,,,,,,,,,,,,
2024-05-16 12:24:26.673,522,699.743722,773.210696,712.910671,613.222576,518.5356,,,,,,,,,,,,,,,,,,,,,,,
2024-05-16 12:24:31.617,523,701.046429,772.599277,712.527104,613.855702,516.214221,,,,,,,,,,,,,,,,,,,,,,,
2024-05-16 12:24:36.617,524,702.252153,768.973788,712.323785,613.894544,512.964835,,,,,,,,,,,,,,,,,,,,,,,
2024-05-16 12:24:41.627,525,702.432344,765.56155,711.954063,613.708657,516.03089,,,,,,,,,,,,,,,,,,,,,,,
2024-05-16 12:24:46.648,526,702.062412,762.300761,711.458947,613.766369,518.36527,,,,,,,,,,,,,,,,,,,,,,,
2024-05-16 12:24:51.639,527,701.483156,760.327583,709.708793,612.86981,518.750245,,,,,,,,,,,,,,,,,,,,,,,
2024-05-16 12:24:56.617,528,700.800515,759.49474,708.288163,612.242908,519.385616,,,,,,,,,,,,,,,,,,,,,,,
2024-05-16 12:25:01.617,529,700.36698,761.133417,707.32953,611.93487,520.38931,,,,,,,,,,,,,,,,,,,,,,,
2024-05-16 12:25:06.617,530,699.554001,764.979919,706.731234,611.324566,524.633972,,,,,,,,,,,,,,,,,,,,,,,
2024-05-16 12:25:11.617,531,699.349635,767.950347,706.642321,611.287797,521.727366,,,,,,,,,,,,,,,,,,,,,,,
2024-05-16 12:25:16.617,532,698.286174,769.408618,707.100339,610.667415,520.454906,,,,,,,,,,,,,,,,,,,,,,,
2024-05-16 12:25:21.629,533,698.271434,771.200212,706.807572,610.965583,522.329736,,,,,,,,,,,,,,,,,,,,,,,
2024-05-16 12:25:26.617,534,698.65842,773.719565,705.503137,609.844909,523.741633,,,,,,,,,,,,,,,,,,,,,,,
2024-05-16 12:25:31.641,535,699.499561,775.84456,704.653518,608.011069,512.414081,,,,,,,,,,,,,,,,,,,,,,,
2024-05-16 12:25:36.617,536,700.896006,776.518461,704.229541,609.055477,519.697171,,,,,,,,,,,,,,,,,,,,,,,
2024-05-16 12:25:41.684,537,702.835316,777.41669,704.222916,608.316176,525.694016,,,,,,,,,,,,,,,,,,,,,,,
2024-05-16 12:25:46.628,538,703.279017,779.282161,703.81879,607.482956,522.436088,,,,,,,,,,,,,,,,,,,,,,,
2024-05-16 12:25:51.617,539,704.188683,780.785977,703.448387,607.54641,522.205084,,,,,,,,,,,,,,,,,,,,,,,
2024-05-16 12:25:56.617,540,705.791915,784.86739,703.159892,607.925534,525.086932,,,,,,,,,,,,,,,,,,,,,,,
2024-05-16 12:26:01.617,541,707.881587,786.706895,703.118599,605.464598,521.740658,,,,,,,,,,,,,,,,,,,,,,,
2024-05-16 12:26:06.632,542,710.234079,788.14612,703.270367,604.625383,520.914685,,,,,,,,,,,,,,,,,,,,,,,
2024-05-16 12:26:11.617,543,712.448647,788.294911,703.373394,602.571548,521.326132,,,,,,,,,,,,,,,,,,,,,,,
2024-05-16 12:26:16.644,544,715.064901,792.546957,703.394574,601.902017,516.999024,,,,,,,,,,,,,,,,,,,,,,,
2024-05-16 12:26:21.668,545,716.695481,794.852117,703.57386,601.80911,518.914594,,,,,,,,,,,,,,,,,,,,,,,
2024-05-16 12:26:26.665,546,718.823782,798.025655,703.830309,601.473292,518.941089,,,,,,,,,,,,,,,,,,,,,,,
2024-05-16 12:26:31.617,547,721.711087,802.714414,704.019549,600.55293,521.324108,,,,,,,,,,,,,,,,,,,,,,,
2024-05-16 12:26:36.660,548,722.061026,828.418352,703.872616,599.604321,522.670226,,,,,,,,,,,,,,,,,,,,,,,
2024-05-16 12:26:41.617,549,724.478236,827.196782,703.76227,598.774424,521.741112,,,,,,,,,,,,,,,,,,,,,,,
2024-05-16 12:26:46.617,550,727.140721,827.171023,703.990275,599.353354,510.306733,,,,,,,,,,,,,,,,,,,,,,,
2024-05-16 12:26:51.629,551,728.704819,826.015408,704.329718,598.981684,507.544279,,,,,,,,,,,,,,,,,,,,,,,
2024-05-16 12:26:56.617,552,729.909114,823.42564,704.301902,600.102256,509.014761,,,,,,,,,,,,,,,,,,,,,,,
2024-05-16 12:27:01.617,553,731.632531,822.424445,704.514393,599.53191,514.722831,,,,,,,,,,,,,,,,,,,,,,,
2024-05-16 12:27:06.617,554,732.980001,824.623456,705.227917,601.699242,517.979744,,,,,,,,,,,,,,,,,,,,,,,
2024-05-16 12:27:11.617,555,734.795762,825.510357,705.71543,602.187635,519.178875,,,,,,,,,,,,,,,,,,,,,,,
2024-05-16 12:27:16.617,556,736.214412,827.521005,706.061909,601.362581,523.108569,,,,,,,,,,,,,,,,,,,,,,,
2024-05-16 12:27:21.617,557,737.299737,828.211686,706.438502,598.227284,526.773802,,,,,,,,,,,,,,,,,,,,,,,
2024-05-16 12:27:26.617,558,738.898258,828.241181,707.004365,599.262036,503.052431,,,,,,,,,,,,,,,,,,,,,,,
2024-05-16 12:27:31.617,559,740.394418,829.326487,707.451709,600.913966,518.39709,,,,,,,,,,,,,,,,,,,,,,,
2024-05-16 12:27:36.618,560,741.853767,827.321456,708.291398,599.726634,519.790855,,,,,,,,,,,,,,,,,,,,,,,
2024-05-16 12:27:41.680,561,742.84109,825.776856,708.82611,599.336905,519.937678,,,,,,,,,,,,,,,,,,,,,,,
2024-05-16 12:27:46.643,562,744.406779,825.300742,709.048022,599.51451,518.624035,,,,,,,,,,,,,,,,,,,,,,,
2024-05-16 12:27:51.636,563,746.148477,825.917695,709.334003,597.379029,507.385772,,,,,,,,,,,,,,,,,,,,,,,
2024-05-16 12:27:56.655,564,747.754844,829.787692,709.451196,596.276725,516.466065,,,,,,,,,,,,,,,,,,,,,,,
2024-05-16 12:28:01.619,565,749.481138,832.573984,709.394224,592.426824,518.370673,,,,,,,,,,,,,,,,,,,,,,,
2024-05-16 12:28:06.617,566,751.955607,833.252903,709.942842,592.189398,501.101602,,,,,,,,,,,,,,,,,,,,,,,
2024-05-16 12:28:11.632,567,753.891224,827.925301,709.38354,589.522406,514.949764,,,,,,,,,,,,,,,,,,,,,,,
2024-05-16 12:28:16.617,568,756.101111,828.628698,709.33311,583.088832,507.984733,,,,,,,,,,,,,,,,,,,,,,,
2024-05-16 12:28:21.617,569,758.629063,827.338611,709.241279,585.561428,518.559297,,,,,,,,,,,,,,,,,,,,,,,
2024-05-16 12:28:26.647,570,761.866919,825.072864,709.416224,578.898295,513.175346,,,,,,,,,,,,,,,,,,,,,,,
2024-05-16 12:28:31.617,571,764.487993,824.515919,709.417571,578.648125,501.049297,,,,,,,,,,,,,,,,,,,,,,,
2024-05-16 12:28:36.617,572,767.22794,822.9621,709.630568,579.12795,515.499988,,,,,,,,,,,,,,,,,,,,,,,
2024-05-16 12:28:41.654,573,769.669103,825.906219,709.430221,579.541401,520.589437,,,,,,,,,,,,,,,,,,,,,,,
2024-05-16 12:28:46.677,574,772.2726,824.624583,709.510043,576.786551,511.297364,,,,,,,,,,,,,,,,,,,,,,,
2024-05-16 12:28:51.617,575,771.667668,821.920394,709.35048,572.688233,502.480038,,,,,,,,,,,,,,,,,,,,,,,
2024-05-16 12:28:56.645,576,770.771415,818.611617,709.751416,569.388407,500.85993,,,,,,,,,,,,,,,,,,,,,,,
2024-05-16 12:29:01.617,577,770.07351,818.517902,710.044107,575.625017,517.293435,,,,,,,,,,,,,,,,,,,,,,,
2024-05-16 12:29:06.639,578,772.495327,824.137275,710.369993,572.392734,513.349926,,,,,,,,,,,,,,,,,,,,,,,
2024-05-16 12:29:11.645,579,777.335821,830.779431,710.935652,576.535753,509.919286,,,,,,,,,,,,,,,,,,,,,,,
2024-05-16 12:29:16.617,580,778.810068,831.315809,712.318449,569.693273,510.782759,,,,,,,,,,,,,,,,,,,,,,,
2024-05-16 12:29:21.671,581,783.280418,836.45647,712.947332,566.292397,510.397025,,,,,,,,,,,,,,,,,,,,,,,
2024-05-16 12:29:26.621,582,788.561254,842.402983,713.713176,572.791061,517.663784,,,,,,,,,,,,,,,,,,,,,,,
2024-05-16 12:29:31.654,583,794.938428,843.122839,714.420176,567.307137,511.253868,,,,,,,,,,,,,,,,,,,,,,,
2024-05-16 12:29:36.617,584,798.888635,844.988791,714.898602,559.567198,499.544514,,,,,,,,,,,,,,,,,,,,,,,
2024-05-16 12:29:41.639,585,802.980047,838.109242,715.371656,566.017741,519.515566,,,,,,,,,,,,,,,,,,,,,,,
2024-05-16 12:29:46.630,586,806.590716,838.770911,716.24425,573.490536,510.661961,,,,,,,,,,,,,,,,,,,,,,,
2024-05-16 12:29:51.617,587,810.194558,840.896613,717.321062,574.164672,516.95165,,,,,,,,,,,,,,,,,,,,,,,
2024-05-16 12:29:56.645,588,813.126815,842.170233,718.460678,572.261884,513.475987,,,,,,,,,,,,,,,,,,,,,,,
2024-05-16 12:30:01.637,589,816.141108,844.201158,719.333278,571.114404,512.329846,,,,,,,,,,,,,,,,,,,,,,,
2024-05-16 12:30:06.658,590,819.891188,844.28209,720.540515,564.747849,493.748872,,,,,,,,,,,,,,,,,,,,,,,
2024-05-16 12:30:11.620,591,823.036131,845.149483,721.517837,571.668964,507.322841,,,,,,,,,,,,,,,,,,,,,,,
2024-05-16 12:30:16.640,592,826.206687,846.945041,722.260742,568.543387,507.964878,,,,,,,,,,,,,,,,,,,,,,,
2024-05-16 12:30:21.617,593,827.887028,847.144786,722.840877,561.733057,500.774824,,,,,,,,,,,,,,,,,,,,,,,
2024-05-16 12:30:26.617,594,830.792216,849.039078,723.834525,570.442299,509.63879,,,,,,,,,,,,,,,,,,,,,,,
2024-05-16 12:30:31.649,595,834.376362,852.157525,724.889998,572.73392,514.593692,,,,,,,,,,,,,,,,,,,,,,,
2024-05-16 12:30:36.617,596,837.493942,853.479573,725.90204,571.873415,510.332968,,,,,,,,,,,,,,,,,,,,,,,
2024-05-16 12:30:41.617,597,840.449895,856.209575,727.419609,563.094536,500.774609,,,,,,,,,,,,,,,,,,,,,,,
2024-05-16 12:30:46.617,598,842.842163,857.114843,728.572563,567.377236,512.589653,,,,,,,,,,,,,,,,,,,,,,,
2024-05-16 12:30:51.670,599,845.185679,859.194212,729.800213,569.720201,503.045856,,,,,,,,,,,,,,,,,,,,,,,
2024-05-16 12:30:56.664,600,848.417335,861.919613,731.360909,573.915028,512.274611,,,,,,,,,,,,,,,,,,,,,,,
2024-05-16 12:31:01.633,601,851.036972,862.584949,732.777865,567.709772,486.747183,,,,,,,,,,,,,,,,,,,,,,,
2024-05-16 12:31:06.633,602,853.421969,862.230054,734.003745,563.670039,499.002501,,,,,,,,,,,,,,,,,,,,,,,
2024-05-16 12:31:11.617,603,855.890088,863.486186,735.529024,551.460976,494.280025,,,,,,,,,,,,,,,,,,,,,,,
2024-05-16 12:31:16.620,604,858.461053,864.789195,737.372067,555.181395,494.31117,,,,,,,,,,,,,,,,,,,,,,,
2024-05-16 12:31:21.700,605,860.213532,864.762155,739.345373,567.874461,513.002723,,,,,,,,,,,,,,,,,,,,,,,
2024-05-16 12:31:26.653,606,862.291334,865.554024,741.446669,563.660956,509.230656,,,,,,,,,,,,,,,,,,,,,,,
2024-05-16 12:31:31.617,607,864.764006,866.397857,745.671662,567.28946,510.679499,,,,,,,,,,,,,,,,,,,,,,,
2024-05-16 12:31:36.625,608,867.148987,867.551557,747.989823,569.589292,515.280882,,,,,,,,,,,,,,,,,,,,,,,
2024-05-16 12:31:41.617,609,869.456761,867.930788,749.168052,564.821731,507.330034,,,,,,,,,,,,,,,,,,,,,,,
2024-05-16 12:31:46.617,610,872.044201,869.270868,751.088171,558.392494,498.421087,,,,,,,,,,,,,,,,,,,,,,,
2024-05-16 12:31:51.617,611,873.927381,869.181559,752.130396,543.048437,490.079722,,,,,,,,,,,,,,,,,,,,,,,
2024-05-16 12:31:56.623,612,877.682812,873.169956,754.308122,567.120846,510.83652,,,,,,,,,,,,,,,,,,,,,,,
2024-05-16 12:32:01.617,613,883.412004,879.261516,757.951169,551.554159,494.264434,,,,,,,,,,,,,,,,,,,,,,,
2024-05-16 12:32:06.617,614,887.758715,882.560175,760.989832,558.041931,501.549003,,,,,,,,,,,,,,,,,,,,,,,
2024-05-16 12:32:11.622,615,892.052648,884.881096,763.903219,563.240558,498.037862,,,,,,,,,,,,,,,,,,,,,,,
2024-05-16 12:32:16.620,616,895.739121,886.813303,766.280558,571.809414,516.459781,,,,,,,,,,,,,,,,,,,,,,,
2024-05-16 12:32:21.617,617,899.056424,888.890502,769.807084,566.51558,503.001586,,,,,,,,,,,,,,,,,,,,,,,
2024-05-16 12:32:26.617,618,902.318934,890.480904,772.146984,570.252498,521.350801,,,,,,,,,,,,,,,,,,,,,,,
2024-05-16 12:32:31.617,619,905.702406,891.337218,773.87389,570.253091,510.41522,,,,,,,,,,,,,,,,,,,,,,,
2024-05-16 12:32:36.626,620,909.213224,892.827868,775.887427,559.488265,503.064564,,,,,,,,,,,,,,,,,,,,,,,
2024-05-16 12:32:41.617,621,912.802242,894.431155,777.584104,567.082667,512.634113,,,,,,,,,,,,,,,,,,,,,,,
2024-05-16 12:32:46.617,622,916.775518,896.39368,779.597667,553.271455,500.154432,,,,,,,,,,,,,,,,,,,,,,,
2024-05-16 12:32:51.669,623,923.498093,894.399852,780.009708,546.026975,491.279999,,,,,,,,,,,,,,,,,,,,,,,
2024-05-16 12:32:56.657,624,925.441575,894.078639,780.921874,543.30415,485.135541,,,,,,,,,,,,,,,,,,,,,,,
2024-05-16 12:33:01.625,625,927.373523,894.79035,781.369486,560.771969,498.951073,,,,,,,,,,,,,,,,,,,,,,,
2024-05-16 12:33:06.617,626,929.584674,896.256121,783.06075,565.555455,501.204929,,,,,,,,,,,,,,,,,,,,,,,
2024-05-16 12:33:11.654,627,930.146373,897.793585,783.812984,562.111601,492.259421,,,,,,,,,,,,,,,,,,,,,,,
2024-05-16 12:33:16.629,628,931.617771,899.433333,785.495587,557.133688,488.545823,,,,,,,,,,,,,,,,,,,,,,,
2024-05-16 12:33:21.640,629,934.242297,903.394739,789.820581,563.378234,510.646698,,,,,,,,,,,,,,,,,,,,,,,
2024-05-16 12:33:26.617,630,937.18583,905.791169,792.718048,575.807816,516.892062,,,,,,,,,,,,,,,,,,,,,,,
2024-05-16 12:33:31.665,631,936.539843,906.202135,794.52766,565.031813,510.346842,,,,,,,,,,,,,,,,,,,,,,,
2024-05-16 12:33:36.687,632,937.069488,906.982307,796.187948,557.691174,496.05837,,,,,,,,,,,,,,,,,,,,,,,
2024-05-16 12:33:41.630,633,936.614455,905.459655,791.575416,574.758533,510.860802,,,,,,,,,,,,,,,,,,,,,,,
2024-05-16 12:33:46.620,634,938.660502,905.81438,792.376443,561.782646,492.202688,,,,,,,,,,,,,,,,,,,,,,,
2024-05-16 12:33:51.617,635,940.984396,906.332524,793.495043,570.522014,502.396323,,,,,,,,,,,,,,,,,,,,,,,
2024-05-16 12:33:56.630,636,942.509183,906.797476,794.925471,566.687792,476.578697,,,,,,,,,,,,,,,,,,,,,,,
2024-05-16 12:34:01.617,637,942.760398,908.597627,796.970532,557.597996,481.949943,,,,,,,,,,,,,,,,,,,,,,,
2024-05-16 12:34:06.622,638,943.07422,908.960018,798.136606,570.10313,490.177363,,,,,,,,,,,,,,,,,,,,,,,
2024-05-16 12:34:11.617,639,943.735543,909.375114,799.238258,565.229331,484.522034,,,,,,,,,,,,,,,,,,,,,,,
2024-05-16 12:34:16.617,640,944.941282,910.695642,801.426682,559.258703,485.367938,,,,,,,,,,,,,,,,,,,,,,,
2024-05-16 12:34:21.617,641,946.325165,912.876653,804.370749,562.893183,481.912687,,,,,,,,,,,,,,,,,,,,,,,
2024-05-16 12:34:26.620,642,947.905581,917.551043,809.692949,565.72837,486.802803,,,,,,,,,,,,,,,,,,,,,,,
2024-05-16 12:34:31.651,643,950.510299,920.933223,814.809218,570.303868,481.784616,,,,,,,,,,,,,,,,,,,,,,,
2024-05-16 12:34:36.618,644,951.493527,922.194726,817.587093,560.701802,472.414321,,,,,,,,,,,,,,,,,,,,,,,
2024-05-16 12:34:41.626,645,951.69232,922.772155,817.793136,571.099979,483.743637,,,,,,,,,,,,,,,,,,,,,,,
2024-05-16 12:34:46.617,646,953.683718,924.727157,821.5235,575.424611,501.173823,,,,,,,,,,,,,,,,,,,,,,,
2024-05-16 12:34:51.662,647,955.169935,926.82007,825.432928,574.614741,500.235242,,,,,,,,,,,,,,,,,,,,,,,
2024-05-16 12:34:56.617,648,955.618488,929.222837,828.700464,561.821115,481.458897,,,,,,,,,,,,,,,,,,,,,,,
2024-05-16 12:35:01.623,649,957.870765,930.97529,827.290348,561.205256,476.23354,,,,,,,,,,,,,,,,,,,,,,,
2024-05-16 12:35:06.617,650,957.976711,933.587515,830.382885,565.172766,477.248305,,,,,,,,,,,,,,,,,,,,,,,
2024-05-16 12:35:11.648,651,955.354692,935.350144,834.063882,567.241789,486.91618,,,,,,,,,,,,,,,,,,,,,,,
2024-05-16 12:35:16.617,652,951.379933,938.053081,839.164204,567.318833,480.547175,,,,,,,,,,,,,,,,,,,,,,,
2024-05-16 12:35:21.631,653,949.991057,942.68463,845.458415,567.420678,482.999787,,,,,,,,,,,,,,,,,,,,,,,
2024-05-16 12:35:26.617,654,965.940102,948.354172,848.135594,565.331423,490.517905,,,,,,,,,,,,,,,,,,,,,,,
2024-05-16 12:35:31.617,655,976.142511,957.21123,853.629479,574.166611,479.038987,,,,,,,,,,,,,,,,,,,,,,,
2024-05-16 12:35:36.617,656,984.157029,959.105136,854.900821,571.92629,475.497574,,,,,,,,,,,,,,,,,,,,,,,
2024-05-16 12:35:41.617,657,985.414014,960.010084,855.955716,566.208534,477.778265,,,,,,,,,,,,,,,,,,,,,,,
2024-05-16 12:35:46.617,658,987.185915,960.864876,856.816801,573.926926,477.469709,,,,,,,,,,,,,,,,,,,,,,,
2024-05-16 12:35:51.617,659,989.302208,962.154492,858.585821,577.184189,482.591323,,,,,,,,,,,,,,,,,,,,,,,
2024-05-16 12:35:56.617,660,991.021779,964.555711,862.166709,574.307308,477.17391,,,,,,,,,,,,,,,,,,,,,,,
2024-05-16 12:36:01.624,661,993.097699,962.159587,858.675608,577.527127,490.273909,,,,,,,,,,,,,,,,,,,,,,,
2024-05-16 12:36:06.617,662,994.484303,962.301181,859.16809,576.215956,477.73091,,,,,,,,,,,,,,,,,,,,,,,
2024-05-16 12:36:11.617,663,995.48789,961.653145,861.04774,584.865221,498.490183,,,,,,,,,,,,,,,,,,,,,,,
2024-05-16 12:36:16.617,664,996.084037,952.031762,874.254213,571.972071,487.092498,,,,,,,,,,,,,,,,,,,,,,,
2024-05-16 12:36:21.684,665,997.129073,951.092744,878.204703,575.01506,485.160846,,,,,,,,,,,,,,,,,,,,,,,
2024-05-16 12:36:26.633,666,978.37903,938.222832,852.996802,581.810252,488.252681,,,,,,,,,,,,,,,,,,,,,,,
2024-05-16 12:36:31.659,667,971.441079,934.325337,847.572499,579.41287,481.96782,,,,,,,,,,,,,,,,,,,,,,,
2024-05-16 12:36:36.643,668,967.411118,923.371348,820.678508,574.949514,482.886836,,,,,,,,,,,,,,,,,,,,,,,
2024-05-16 12:36:41.617,669,959.738455,928.919466,804.108299,570.485761,478.220989,,,,,,,,,,,,,,,,,,,,,,,
2024-05-16 12:36:46.651,670,954.698596,929.658441,795.243457,555.682178,475.478452,,,,,,,,,,,,,,,,,,,,,,,
2024-05-16 12:36:51.630,671,955.325055,930.857674,793.01515,565.464043,459.902591,,,,,,,,,,,,,,,,,,,,,,,
2024-05-16 12:36:56.627,672,957.165668,932.721197,792.475083,566.305941,460.851633,,,,,,,,,,,,,,,,,,,,,,,
2024-05-16 12:37:01.617,673,959.337749,935.008234,792.320036,569.517302,469.136346,,,,,,,,,,,,,,,,,,,,,,,
2024-05-16 12:37:06.617,674,960.942561,936.579125,791.956364,562.458436,467.874808,,,,,,,,,,,,,,,,,,,,,,,
2024-05-16 12:37:11.624,675,962.284875,938.652807,792.585439,561.868294,469.338651,,,,,,,,,,,,,,,,,,,,,,,
2024-05-16 12:37:16.617,676,963.316742,940.915518,793.507105,567.546665,468.341392,,,,,,,,,,,,,,,,,,,,,,,
2024-05-16 12:37:21.617,677,965.147576,945.652027,792.090319,572.892958,472.706543,,,,,,,,,,,,,,,,,,,,,,,
2024-05-16 12:37:26.669,678,967.26672,950.176168,792.45144,566.506971,478.349209,,,,,,,,,,,,,,,,,,,,,,,
2024-05-16 12:37:31.635,679,968.982406,953.136029,793.640707,565.146189,470.151994,,,,,,,,,,,,,,,,,,,,,,,
2024-05-16 12:37:36.634,680,970.475853,955.745994,794.371748,567.805513,478.116323,,,,,,,,,,,,,,,,,,,,,,,
2024-05-16 12:37:41.644,681,972.052565,958.858187,795.908691,567.517853,483.13014,,,,,,,,,,,,,,,,,,,,,,,
2024-05-16 12:37:46.617,682,973.516179,962.291104,798.949455,573.004734,489.763212,,,,,,,,,,,,,,,,,,,,,,,
2024-05-16 12:37:51.617,683,975.053459,965.004815,801.062945,573.646299,484.970135,,,,,,,,,,,,,,,,,,,,,,,
2024-05-16 12:37:56.659,684,977.41332,976.636977,800.589361,574.722625,483.313635,,,,,,,,,,,,,,,,,,,,,,,
2024-05-16 12:38:01.617,685,979.918417,982.57602,804.832359,574.95272,485.809646,,,,,,,,,,,,,,,,,,,,,,,
2024-05-16 12:38:06.626,686,982.076352,987.018829,808.501417,574.969841,488.844528,,,,,,,,,,,,,,,,,,,,,,,
2024-05-16 12:38:11.659,687,984.089008,990.763859,811.512599,568.308597,472.742916,,,,,,,,,,,,,,,,,,,,,,,
2024-05-16 12:38:16.649,688,986.264912,995.227205,814.33704,568.681006,476.599349,,,,,,,,,,,,,,,,,,,,,,,
2024-05-16 12:38:21.617,689,992.537598,1029.94824,813.06317,568.222726,489.712167,,,,,,,,,,,,,,,,,,,,,,,
2024-05-16 12:38:26.617,690,996.987421,996.541338,787.747263,574.37879,508.768661,,,,,,,,,,,,,,,,,,,,,,,
2024-05-16 12:38:31.617,691,999.735731,991.291468,779.333006,572.442236,492.92255,,,,,,,,,,,,,,,,,,,,,,,
2024-05-16 12:38:36.643,692,1002.39419,993.174414,780.9183,569.050784,485.208254,,,,,,,,,,,,,,,,,,,,,,,
2024-05-16 12:38:41.651,693,1004.7833,994.381601,781.321438,573.378788,487.567669,,,,,,,,,,,,,,,,,,,,,,,
2024-05-16 12:38:46.617,694,1006.60879,995.783423,781.911818,575.58948,487.976777,,,,,,,,,,,,,,,,,,,,,,,
2024-05-16 12:38:51.617,695,1008.55206,1000.62637,781.683023,572.35145,488.731935,,,,,,,,,,,,,,,,,,,,,,,
2024-05-16 12:38:56.652,696,1010.26155,1003.86777,783.373773,570.656496,488.140111,,,,,,,,,,,,,,,,,,,,,,,
2024-05-16 12:39:01.621,697,1012.44296,1007.85437,783.93766,566.481343,498.702793,,,,,,,,,,,,,,,,,,,,,,,
2024-05-16 12:39:06.617,698,1013.67084,1010.07019,780.645381,572.872626,487.838059,,,,,,,,,,,,,,,,,,,,,,,
2024-05-16 12:39:11.619,699,1014.7985,1012.63301,779.807947,569.943048,492.260155,,,,,,,,,,,,,,,,,,,,,,,
2024-05-16 12:39:16.629,700,1016.24339,1017.79172,772.613795,575.769486,492.501862,,,,,,,,,,,,,,,,,,,,,,,
2024-05-16 12:39:21.617,701,1016.81734,1015.76726,754.823422,583.424796,499.06757,,,,,,,,,,,,,,,,,,,,,,,
2024-05-16 12:39:26.627,702,1017.59772,1018.3817,752.749696,577.191871,494.854316,,,,,,,,,,,,,,,,,,,,,,,
2024-05-16 12:39:31.628,703,1018.58156,1023.06037,755.109104,575.843516,505.095939,,,,,,,,,,,,,,,,,,,,,,,
2024-05-16 12:39:36.637,704,1020.20183,1026.59111,756.798981,582.479319,496.745659,,,,,,,,,,,,,,,,,,,,,,,
2024-05-16 12:39:41.668,705,1021.64439,1029.55859,758.641171,583.285116,496.745637,,,,,,,,,,,,,,,,,,,,,,,
2024-05-16 12:39:46.617,706,1023.10261,1031.14876,761.287797,589.765773,512.197836,,,,,,,,,,,,,,,,,,,,,,,
2024-05-16 12:39:51.617,707,1024.49213,1034.16141,763.138056,588.605309,505.402061,,,,,,,,,,,,,,,,,,,,,,,
2024-05-16 12:39:56.643,708,1025.63562,1035.58798,764.522411,585.378873,504.242092,,,,,,,,,,,,,,,,,,,,,,,
2024-05-16 12:40:01.644,709,1026.89821,1037.76891,767.00249,589.377713,509.233118,,,,,,,,,,,,,,,,,,,,,,,
2024-05-16 12:40:06.651,710,1028.08764,1039.89807,769.253612,597.29144,512.34464,,,,,,,,,,,,,,,,,,,,,,,
2024-05-16 12:40:11.618,711,1029.16751,1042.70844,769.629075,593.533227,510.411774,,,,,,,,,,,,,,,,,,,,,,,
2024-05-16 12:40:16.617,712,1029.89598,1047.16058,782.606573,591.29733,512.105475,,,,,,,,,,,,,,,,,,,,,,,
2024-05-16 12:40:21.641,713,1030.47975,1049.71941,801.158004,589.445211,508.869058,,,,,,,,,,,,,,,,,,,,,,,
2024-05-16 12:40:26.617,714,1031.06088,1051.23278,804.315369,586.492619,505.066004,,,,,,,,,,,,,,,,,,,,,,,
2024-05-16 12:40:31.617,715,1031.78778,1052.62485,806.425655,586.535115,512.865011,,,,,,,,,,,,,,,,,,,,,,,
2024-05-16 12:40:36.631,716,1032.60104,1055.51383,808.474311,592.9649,513.841888,,,,,,,,,,,,,,,,,,,,,,,
2024-05-16 12:40:41.620,717,1033.43714,1058.60187,810.170942,606.200838,523.399755,,,,,,,,,,,,,,,,,,,,,,,
2024-05-16 12:40:46.642,718,1034.06164,1059.22762,810.453378,595.872731,524.507558,,,,,,,,,,,,,,,,,,,,,,,
2024-05-16 12:40:51.634,719,1034.74482,1060.99734,811.285518,610.114318,521.469764,,,,,,,,,,,,,,,,,,,,,,,
2024-05-16 12:40:56.636,720,1035.41179,1062.89976,812.98106,602.005151,519.80338,,,,,,,,,,,,,,,,,,,,,,,
2024-05-16 12:41:01.658,721,1036.27236,1065.73754,815.143938,603.515615,527.674952,,,,,,,,,,,,,,,,,,,,,,,
2024-05-16 12:41:06.654,722,1037.18923,1067.05508,817.701383,598.951797,512.40728,,,,,,,,,,,,,,,,,,,,,,,
2024-05-16 12:41:11.625,723,1038.26962,1068.76775,819.91391,605.490915,521.186484,,,,,,,,,,,,,,,,,,,,,,,
2024-05-16 12:41:16.652,724,1039.71278,1069.38023,822.488391,609.986597,520.236858,,,,,,,,,,,,,,,,,,,,,,,
2024-05-16 12:41:21.645,725,1041.12126,1069.47763,826.025522,604.05277,529.772766,,,,,,,,,,,,,,,,,,,,,,,
2024-05-16 12:41:26.617,726,1042.73588,1069.66792,830.698791,610.064867,531.88198,,,,,,,,,,,,,,,,,,,,,,,
2024-05-16 12:41:31.695,727,1043.67923,1069.21878,832.27918,605.442676,528.398696,,,,,,,,,,,,,,,,,,,,,,,
2024-05-16 12:41:36.629,728,1044.47801,1070.45513,835.824039,608.650184,533.739782,,,,,,,,,,,,,,,,,,,,,,,
2024-05-16 12:41:41.654,729,1045.93869,1070.29259,837.882289,605.287088,529.313453,,,,,,,,,,,,,,,,,,,,,,,
2024-05-16 12:41:46.676,730,1046.64416,1070.07181,838.588963,602.008161,525.283604,,,,,,,,,,,,,,,,,,,,,,,
2024-05-16 12:41:51.617,731,1047.48311,1070.32276,841.342744,611.082941,526.251904,,,,,,,,,,,,,,,,,,,,,,,
2024-05-16 12:41:56.647,732,1052.81237,1070.16121,843.843512,610.859454,531.365513,,,,,,,,,,,,,,,,,,,,,,,
2024-05-16 12:42:01.644,733,1063.3176,1064.20089,840.264483,616.351802,527.04319,,,,,,,,,,,,,,,,,,,,,,,
2024-05-16 12:42:06.620,734,1064.5181,1066.80692,842.076335,599.676473,528.545224,,,,,,,,,,,,,,,,,,,,,,,
2024-05-16 12:42:11.631,735,1065.26653,1065.24529,842.186581,609.811183,523.206703,,,,,,,,,,,,,,,,,,,,,,,
2024-05-16 12:42:16.635,736,1066.02335,1065.45178,843.610816,613.373361,524.11436,,,,,,,,,,,,,,,,,,,,,,,
2024-05-16 12:42:21.617,737,1066.73838,1066.53226,843.847745,611.542095,522.898659,,,,,,,,,,,,,,,,,,,,,,,
2024-05-16 12:42:26.639,738,1067.85932,1068.74127,846.076322,617.175963,532.369712,,,,,,,,,,,,,,,,,,,,,,,
2024-05-16 12:42:31.648,739,1068.8523,1071.38636,847.588601,611.485376,542.790222,,,,,,,,,,,,,,,,,,,,,,,
2024-05-16 12:42:36.617,740,1070.40286,1072.40794,849.708353,613.310572,530.753412,,,,,,,,,,,,,,,,,,,,,,,
2024-05-16 12:42:41.621,741,1071.51877,1072.24104,849.862573,616.828867,524.748026,,,,,,,,,,,,,,,,,,,,,,,
2024-05-16 12:42:46.691,742,1072.67571,1073.17189,853.23823,616.017798,536.105978,,,,,,,,,,,,,,,,,,,,,,,
2024-05-16 12:42:51.617,743,1072.82627,1072.77938,854.297613,611.124101,527.575144,,,,,,,,,,,,,,,,,,,,,,,
2024-05-16 12:42:56.617,744,1074.67624,1075.53639,858.201357,622.064949,548.255747,,,,,,,,,,,,,,,,,,,,,,,
2024-05-16 12:43:01.646,745,1076.60361,1075.60344,860.194711,613.797162,539.695174,,,,,,,,,,,,,,,,,,,,,,,
2024-05-16 12:43:06.652,746,1077.31718,1083.09845,864.083723,618.502737,546.092573,,,,,,,,,,,,,,,,,,,,,,,
2024-05-16 12:43:11.617,747,1079.09952,1084.85201,864.339477,611.9423,533.419892,,,,,,,,,,,,,,,,,,,,,,,
2024-05-16 12:43:16.618,748,1080.74559,1085.45812,863.716877,612.436612,530.998763,,,,,,,,,,,,,,,,,,,,,,,
2024-05-16 12:43:21.644,749,1087.14762,1102.93239,863.342652,623.807346,545.204501,,,,,,,,,,,,,,,,,,,,,,,
2024-05-16 12:43:26.646,750,1089.58371,1105.66292,863.494825,616.651642,539.645124,,,,,,,,,,,,,,,,,,,,,,,
2024-05-16 12:43:31.629,751,1092.06634,1107.97979,864.144308,626.107153,550.863338,,,,,,,,,,,,,,,,,,,,,,,
2024-05-16 12:43:36.654,752,1140.22419,1037.76422,829.319235,639.19899,574.135783,,,,,,,,,,,,,,,,,,,,,,,
2024-05-16 12:43:41.704,753,1147.92784,1027.0138,811.193484,634.293047,562.513783,,,,,,,,,,,,,,,,,,,,,,,
2024-05-16 12:43:46.642,754,1152.5065,1027.33529,805.238357,623.439611,566.459772,,,,,,,,,,,,,,,,,,,,,,,
2024-05-16 12:43:51.649,755,1156.94178,1028.2848,802.231436,636.449534,573.73748,,,,,,,,,,,,,,,,,,,,,,,
2024-05-16 12:43:56.617,756,1159.19379,1029.19648,798.690509,621.807742,551.548424,,,,,,,,,,,,,,,,,,,,,,,
2024-05-16 12:44:01.617,757,1161.78728,1031.16302,796.614119,636.73375,562.432021,,,,,,,,,,,,,,,,,,,,,,,
2024-05-16 12:44:06.666,758,1165.31326,1029.90882,795.426823,638.961532,571.347775,,,,,,,,,,,,,,,,,,,,,,,
2024-05-16 12:44:11.617,759,1167.31354,1026.64815,794.207942,638.266595,580.200709,,,,,,,,,,,,,,,,,,,,,,,
2024-05-16 12:44:16.617,760,1169.94827,1025.63587,793.383393,640.100185,584.125434,,,,,,,,,,,,,,,,,,,,,,,
2024-05-16 12:44:21.624,761,1170.49638,1024.49005,794.442786,639.942863,582.343091,,,,,,,,,,,,,,,,,,,,,,,
2024-05-16 12:44:26.617,762,1171.62645,1023.30764,794.096799,625.761668,562.040914,,,,,,,,,,,,,,,,,,,,,,,
2024-05-16 12:44:31.640,763,1171.11614,1022.69918,794.71904,636.325721,566.956901,,,,,,,,,,,,,,,,,,,,,,,
2024-05-16 12:44:36.647,764,1170.13381,1022.24308,795.197015,641.855091,578.585848,,,,,,,,,,,,,,,,,,,,,,,
2024-05-16 12:44:41.703,765,1169.77353,1022.30088,796.017151,642.7408,584.591214,,,,,,,,,,,,,,,,,,,,,,,
2024-05-16 12:44:46.623,766,1168.22041,1020.08528,797.028258,643.518893,591.40847,,,,,,,,,,,,,,,,,,,,,,,
2024-05-16 12:44:51.617,767,1167.07278,1019.68113,796.876434,639.332925,587.638593,,,,,,,,,,,,,,,,,,,,,,,
2024-05-16 12:44:56.674,768,1165.85937,1019.5279,796.978685,645.089475,594.202101,,,,,,,,,,,,,,,,,,,,,,,
2024-05-16 12:45:01.672,769,1164.0201,1017.98554,797.303019,643.999826,592.508098,,,,,,,,,,,,,,,,,,,,,,,
2024-05-16 12:45:06.617,770,1160.49045,1016.26312,798.29671,647.222986,590.477588,,,,,,,,,,,,,,,,,,,,,,,
2024-05-16 12:45:11.617,771,1158.75475,1016.1551,799.336336,645.465862,584.16042,,,,,,,,,,,,,,,,,,,,,,,
2024-05-16 12:45:16.645,772,1157.25438,1016.18314,799.046164,645.341186,593.886151,,,,,,,,,,,,,,,,,,,,,,,
2024-05-16 12:45:21.617,773,1122.27257,1006.40008,799.0409,645.739275,588.753503,,,,,,,,,,,,,,,,,,,,,,,
2024-05-16 12:45:26.617,774,1105.96469,1000.91883,804.409532,646.530422,577.731736,,,,,,,,,,,,,,,,,,,,,,,
2024-05-16 12:45:31.617,775,1101.64627,999.340871,805.659205,641.378097,569.510976,,,,,,,,,,,,,,,,,,,,,,,
2024-05-16 12:45:36.646,776,1100.12464,998.476959,806.755592,642.829076,569.044837,,,,,,,,,,,,,,,,,,,,,,,
2024-05-16 12:45:41.617,777,1098.98203,997.727794,807.662651,642.108811,572.058769,,,,,,,,,,,,,,,,,,,,,,,
2024-05-16 12:45:46.617,778,1097.50193,997.316564,807.677874,643.506323,575.139522,,,,,,,,,,,,,,,,,,,,,,,
2024-05-16 12:45:51.652,779,1096.33349,997.024607,808.099012,649.932497,583.975237,,,,,,,,,,,,,,,,,,,,,,,
2024-05-16 12:45:56.664,780,1095.86063,996.87888,809.14076,644.606319,574.777219,,,,,,,,,,,,,,,,,,,,,,,
2024-05-16 12:46:01.643,781,1095.6769,996.654184,809.303897,656.013831,590.575986,,,,,,,,,,,,,,,,,,,,,,,
2024-05-16 12:46:06.622,782,1093.44336,996.646068,810.340172,650.810831,578.03696,,,,,,,,,,,,,,,,,,,,,,,
2024-05-16 12:46:11.669,783,1089.79628,996.657099,810.726371,648.997947,584.197081,,,,,,,,,,,,,,,,,,,,,,,
2024-05-16 12:46:16.640,784,1090.06703,996.968843,811.654178,642.506352,578.091441,,,,,,,,,,,,,,,,,,,,,,,
2024-05-16 12:46:21.617,785,1089.58397,997.045887,811.979567,646.463932,574.452504,,,,,,,,,,,,,,,,,,,,,,,
2024-05-16 12:46:26.617,786,1094.47211,997.692267,813.450444,645.923983,575.932796,,,,,,,,,,,,,,,,,,,,,,,
2024-05-16 12:46:31.633,787,1095.78986,997.897785,813.67991,638.531133,563.910582,,,,,,,,,,,,,,,,,,,,,,,
2024-05-16 12:46:36.617,788,1096.97211,998.006756,814.224158,645.734622,576.324008,,,,,,,,,,,,,,,,,,,,,,,
2024-05-16 12:46:41.631,789,1097.9938,998.23651,813.97565,639.833273,571.150783,,,,,,,,,,,,,,,,,,,,,,,
2024-05-16 12:46:46.618,790,1081.22209,998.157882,821.053768,644.709299,576.40357,,,,,,,,,,,,,,,,,,,,,,,
2024-05-16 12:46:51.617,791,1054.17246,991.540947,821.965046,637.638097,573.868502,,,,,,,,,,,,,,,,,,,,,,,
2024-05-16 12:46:56.617,792,1049.62691,988.135743,820.530275,629.950991,567.368704,,,,,,,,,,,,,,,,,,,,,,,
2024-05-16 12:47:01.617,793,1047.22871,985.794674,819.883748,631.295355,567.378144,,,,,,,,,,,,,,,,,,,,,,,
2024-05-16 12:47:06.630,794,1045.65174,984.045873,819.282597,637.139971,569.083932,,,,,,,,,,,,,,,,,,,,,,,
2024-05-16 12:47:11.649,795,1044.62111,982.615348,818.684474,629.728666,573.062755,,,,,,,,,,,,,,,,,,,,,,,
2024-05-16 12:47:16.617,796,1042.37017,981.403044,818.377027,640.462949,576.738507,,,,,,,,,,,,,,,,,,,,,,,
