Address,USB0::0x2A8D::0x5101::MY58027919::0::INSTR,,,,,,,,,,,,,,,
Model,34970A,,,,,,,,,,,,,,,
Serial Number:,MY58027919,,,,,,,,,,,,,,,
Firmware Version,A.02.03,,,,,,,,,,,,,,,
Start Time,2024-05-09 12:57:57.553,,,,,,,,,,,,,,,
Stop Time,2024-05-09 13:00:17.553,,,,,,,,,,,,,,,
Data Log Stopped,,,,,,,,,,,,,,,,
,,,,,,,,,,,,,,,,
Instrument Configuration,,,,,,,,,,,,,,,,
Modules,1,Slot 1,34901A,,,,,,,,,,,,,
Total Channels,5,,,,,,,,,,,,,,,
,,,,,,,,,,,,,,,,
Channel Configuration,,,,,,,,,,,,,,,,
Channels,Name,Function,Range/Arg1,Res/Arg2,NPLC,Channel Delay (Seconds),Scale,Gain (M),Offset (B),Label,Test,Low,High,Delta,After N,Alarm
101,,Temp (Type K),None,C,1,0.0006,False,1,0,,Off,0,0,None,1,None
102,,Temp (Type K),None,C,1,0.0006,False,1,0,,Off,0,0,None,1,None
103,,Temp (Type K),None,C,1,0.0006,False,1,0,,Off,0,0,None,1,None
104,,Temp (Type K),None,C,1,0.0006,False,1,0,,Off,0,0,None,1,None
105,,Temp (Type K),None,C,1,0.0006,False,1,0,,Off,0,0,None,1,None
,,,,,,,,,,,,,,,,
Scan Control Configuration,,,,,,,,,,,,,,,,
Start Data Logging,Immediately with Start Button,,,,,,,,,,,,,,,
Scan Interval,00:00:00:05.000,,,,,,,,,,,,,,,
Stop Data Logging,Immediately with Stop Button,,,,,,,,,,,,,,,
,,,,,,,,,,,,,,,,
User Description,,,,,,,,,,,,,,,,
,,,,,,,,,,,,,,,,
,,,,,,,,,,,,,,,,
Scan Sweep Time (Sec),Scan Number,101Time (Sec),101 (°C),102Time (Sec),102 (°C),103Time (Sec),103 (°C),104Time (Sec),104 (°C),105Time (Sec),105 (°C),,,,,
2024-05-09 12:57:57.553,1,2024-05-09 12:57:57.553,1009.46963,2024-05-09 12:57:57.594,845.110046,2024-05-09 12:57:57.635,584.669506,2024-05-09 12:57:57.677,461.619941,2024-05-09 12:57:57.718,410.122022,,,,,
2024-05-09 12:58:02.556,2,2024-05-09 12:58:02.556,1010.89253,2024-05-09 12:58:02.598,847.726235,2024-05-09 12:58:02.639,594.51061,2024-05-09 12:58:02.681,470.772706,2024-05-09 12:58:02.722,417.293164,,,,,
2024-05-09 12:58:07.553,3,2024-05-09 12:58:07.553,1012.43964,2024-05-09 12:58:07.595,841.410202,2024-05-09 12:58:07.636,610.907011,2024-05-09 12:58:07.678,477.002586,2024-05-09 12:58:07.719,429.361503,,,,,
2024-05-09 12:58:12.624,4,2024-05-09 12:58:12.624,1013.9348,2024-05-09 12:58:12.665,843.309539,2024-05-09 12:58:12.707,612.499241,2024-05-09 12:58:12.748,473.37471,2024-05-09 12:58:12.790,427.395271,,,,,
2024-05-09 12:58:17.620,5,2024-05-09 12:58:17.620,1014.68133,2024-05-09 12:58:17.662,842.808793,2024-05-09 12:58:17.703,591.775952,2024-05-09 12:58:17.745,477.389423,2024-05-09 12:58:17.786,409.338521,,,,,
2024-05-09 12:58:22.617,6,2024-05-09 12:58:22.617,1015.65432,2024-05-09 12:58:22.658,843.938949,2024-05-09 12:58:22.700,580.857328,2024-05-09 12:58:22.741,467.856736,2024-05-09 12:58:22.783,410.394731,,,,,
2024-05-09 12:58:27.593,7,2024-05-09 12:58:27.593,1016.09898,2024-05-09 12:58:27.634,844.64255,2024-05-09 12:58:27.676,612.389066,2024-05-09 12:58:27.717,479.00733,2024-05-09 12:58:27.759,426.971296,,,,,
2024-05-09 12:58:32.553,8,2024-05-09 12:58:32.553,1017.7583,2024-05-09 12:58:32.595,848.143968,2024-05-09 12:58:32.636,604.550739,2024-05-09 12:58:32.678,490.725931,2024-05-09 12:58:32.719,415.432701,,,,,
2024-05-09 12:58:37.553,9,2024-05-09 12:58:37.553,1018.97175,2024-05-09 12:58:37.595,856.204959,2024-05-09 12:58:37.636,620.420706,2024-05-09 12:58:37.678,504.404161,2024-05-09 12:58:37.719,432.185633,,,,,
2024-05-09 12:58:42.569,10,2024-05-09 12:58:42.569,1021.22492,2024-05-09 12:58:42.611,848.010621,2024-05-09 12:58:42.652,590.470769,2024-05-09 12:58:42.694,469.86385,2024-05-09 12:58:42.735,418.331322,,,,,
2024-05-09 12:58:47.599,11,2024-05-09 12:58:47.599,1022.41843,2024-05-09 12:58:47.641,851.818716,2024-05-09 12:58:47.682,626.914703,2024-05-09 12:58:47.723,479.056559,2024-05-09 12:58:47.765,416.049135,,,,,
2024-05-09 12:58:52.596,12,2024-05-09 12:58:52.596,1030.96067,2024-05-09 12:58:52.638,856.579396,2024-05-09 12:58:52.679,634.104233,2024-05-09 12:58:52.721,504.450053,2024-05-09 12:58:52.762,451.968443,,,,,
2024-05-09 12:58:57.569,13,2024-05-09 12:58:57.569,1036.7562,2024-05-09 12:58:57.610,856.212148,2024-05-09 12:58:57.652,660.935785,2024-05-09 12:58:57.693,532.961946,2024-05-09 12:58:57.735,471.830004,,,,,
2024-05-09 12:59:02.624,14,2024-05-09 12:59:02.624,1040.27044,2024-05-09 12:59:02.665,853.862393,2024-05-09 12:59:02.707,670.507004,2024-05-09 12:59:02.748,540.231167,2024-05-09 12:59:02.790,478.37099,,,,,
2024-05-09 12:59:07.553,15,2024-05-09 12:59:07.553,1053.71055,2024-05-09 12:59:07.595,886.394341,2024-05-09 12:59:07.636,669.434178,2024-05-09 12:59:07.678,556.454566,2024-05-09 12:59:07.719,487.711081,,,,,
2024-05-09 12:59:12.595,16,2024-05-09 12:59:12.595,1063.53986,2024-05-09 12:59:12.637,891.76969,2024-05-09 12:59:12.678,668.094621,2024-05-09 12:59:12.719,552.937428,2024-05-09 12:59:12.761,479.010401,,,,,
2024-05-09 12:59:17.566,17,2024-05-09 12:59:17.566,1069.16775,2024-05-09 12:59:17.607,899.246953,2024-05-09 12:59:17.649,691.742377,2024-05-09 12:59:17.690,565.188243,2024-05-09 12:59:17.732,537.531178,,,,,
2024-05-09 12:59:22.569,18,2024-05-09 12:59:22.569,1074.00894,2024-05-09 12:59:22.611,903.336899,2024-05-09 12:59:22.652,694.831808,2024-05-09 12:59:22.694,559.593044,2024-05-09 12:59:22.735,509.271357,,,,,
2024-05-09 12:59:27.553,19,2024-05-09 12:59:27.553,1075.67483,2024-05-09 12:59:27.595,903.726611,2024-05-09 12:59:27.636,685.6989,2024-05-09 12:59:27.678,556.955937,2024-05-09 12:59:27.719,514.957802,,,,,
2024-05-09 12:59:32.556,20,2024-05-09 12:59:32.556,1078.57351,2024-05-09 12:59:32.598,914.487146,2024-05-09 12:59:32.639,693.453468,2024-05-09 12:59:32.681,573.068326,2024-05-09 12:59:32.722,520.121962,,,,,
2024-05-09 12:59:37.561,21,2024-05-09 12:59:37.561,1080.16166,2024-05-09 12:59:37.602,919.244977,2024-05-09 12:59:37.644,683.653512,2024-05-09 12:59:37.685,561.498409,2024-05-09 12:59:37.727,503.12984,,,,,
2024-05-09 12:59:42.563,22,2024-05-09 12:59:42.563,1073.20696,2024-05-09 12:59:42.605,939.349422,2024-05-09 12:59:42.646,699.893677,2024-05-09 12:59:42.688,585.443079,2024-05-09 12:59:42.729,533.473428,,,,,
2024-05-09 12:59:47.553,23,2024-05-09 12:59:47.553,914.269768,2024-05-09 12:59:47.595,1000.4009,2024-05-09 12:59:47.636,778.030092,2024-05-09 12:59:47.678,604.149894,2024-05-09 12:59:47.719,520.042128,,,,,
2024-05-09 12:59:52.561,24,2024-05-09 12:59:52.561,868.023125,2024-05-09 12:59:52.602,1002.07116,2024-05-09 12:59:52.644,779.48849,2024-05-09 12:59:52.685,650.960621,2024-05-09 12:59:52.727,562.72688,,,,,
2024-05-09 12:59:57.553,25,2024-05-09 12:59:57.553,862.848508,2024-05-09 12:59:57.595,1004.53726,2024-05-09 12:59:57.636,821.193608,2024-05-09 12:59:57.678,640.988784,2024-05-09 12:59:57.719,572.835206,,,,,
2024-05-09 13:00:02.573,26,2024-05-09 13:00:02.573,868.547569,2024-05-09 13:00:02.614,1023.17573,2024-05-09 13:00:02.656,764.240752,2024-05-09 13:00:02.697,644.889212,2024-05-09 13:00:02.739,588.417038,,,,,
2024-05-09 13:00:07.562,27,2024-05-09 13:00:07.562,866.649428,2024-05-09 13:00:07.603,1023.49806,2024-05-09 13:00:07.645,731.270191,2024-05-09 13:00:07.686,683.949687,2024-05-09 13:00:07.728,581.394339,,,,,
2024-05-09 13:00:12.557,28,2024-05-09 13:00:12.557,861.299737,2024-05-09 13:00:12.599,1017.85066,2024-05-09 13:00:12.640,708.173993,2024-05-09 13:00:12.682,662.643528,2024-05-09 13:00:12.723,597.787061,,,,,
2024-05-09 13:00:17.553,29,2024-05-09 13:00:17.553,867.335112,2024-05-09 13:00:17.595,1016.74553,2024-05-09 13:00:17.636,729.652258,2024-05-09 13:00:17.678,694.099517,2024-05-09 13:00:17.719,598.047849,,,,,
