timestamp,scan_number,ch_00,ch_01,ch_02,ch_03,ch_04,system_file,system_id
2024-09-05 11:55:13.638,1,31.1442342,31.1469356,36.7398756,50.6925495,47.9855867,biomass\Gasifier 1 0.csv,Gasifier 1 0
2024-09-05 11:55:18.638,2,31.2130343,31.0872125,36.7447613,50.3519038,47.4964641,biomass\Gasifier 1 0.csv,Gasifier 1 0
2024-09-05 11:55:23.669,3,31.1730589,31.1023046,36.7965434,50.1595147,48.5539181,biomass\Gasifier 1 0.csv,Gasifier 1 0
2024-09-05 11:55:28.639,4,31.1052339,31.0077539,36.723152,49.9018026,47.9568194,biomass\Gasifier 1 0.csv,Gasifier 1 0
2024-09-05 11:55:33.639,5,31.1287561,31.103293,36.7085704,49.8182025,48.4049619,biomass\Gasifier 1 0.csv,Gasifier 1 0
2024-09-05 11:55:38.655,6,31.0287668,31.1057304,36.7481978,49.6704574,47.9545186,biomass\Gasifier 1 0.csv,Gasifier 1 0
2024-09-05 11:55:43.652,7,31.0141246,31.1000851,36.6798555,49.2730199,47.5637804,biomass\Gasifier 1 0.csv,Gasifier 1 0
2024-09-05 11:55:48.668,8,30.927764,31.0627359,36.6408135,49.2944229,390.81953,biomass\Gasifier 1 0.csv,Gasifier 1 0
2024-09-05 11:55:53.675,9,30.9623939,31.0083922,36.5842823,48.8560745,46.9838115,biomass\Gasifier 1 0.csv,Gasifier 1 0
2024-09-05 11:55:58.646,10,30.9711005,30.8559286,36.5861136,48.6828684,45.6962305,biomass\Gasifier 1 0.csv,Gasifier 1 0
2024-09-05 11:56:03.639,11,30.9574035,30.8439373,36.6906087,48.2976859,45.2500071,biomass\Gasifier 1 0.csv,Gasifier 1 0
2024-09-05 11:56:08.670,12,30.9619788,30.8727206,36.9350277,48.5922212,44.4718136,biomass\Gasifier 1 0.csv,Gasifier 1 0
2024-09-05 11:56:13.639,13,30.9672406,30.8108441,37.157453,36.1908572,44.8828063,biomass\Gasifier 1 0.csv,Gasifier 1 0
2024-09-05 11:56:18.691,14,30.9524288,30.8147977,37.2991157,67.4500074,45.4014852,biomass\Gasifier 1 0.csv,Gasifier 1 0
2024-09-05 11:56:23.647,15,30.9873302,30.7729099,37.0631572,44.2240039,44.6691914,biomass\Gasifier 1 0.csv,Gasifier 1 0
2024-09-05 11:56:28.639,16,30.9677657,30.6685823,37.0140473,47.4256495,45.3557016,biomass\Gasifier 1 0.csv,Gasifier 1 0
2024-09-05 11:56:33.652,17,37.3157131,43.8915263,48.3712096,57.9373891,56.0557739,biomass\Gasifier 1 0.csv,Gasifier 1 0
2024-09-05 11:56:38.639,18,33.9901147,37.7182764,73.644532,65.1672796,212.932883,biomass\Gasifier 1 0.csv,Gasifier 1 0
2024-09-05 11:56:43.639,19,32.5138271,34.3364081,74.2792861,133.814957,419.258704,biomass\Gasifier 1 0.csv,Gasifier 1 0
2024-09-05 11:56:48.639,20,31.9176045,32.8772025,61.44182,124.04019,325.840789,biomass\Gasifier 1 0.csv,Gasifier 1 0
2024-09-05 11:56:53.639,21,31.6432019,32.0631748,64.7902162,134.028118,318.077854,biomass\Gasifier 1 0.csv,Gasifier 1 0
2024-09-05 11:56:58.639,22,31.5510227,31.6851589,68.5874796,143.885029,310.354214,biomass\Gasifier 1 0.csv,Gasifier 1 0
2024-09-05 11:57:03.639,23,31.5154526,31.5299743,62.3015271,166.65586,339.505788,biomass\Gasifier 1 0.csv,Gasifier 1 0
2024-09-05 11:57:08.639,24,31.4778567,31.7672725,72.3742077,157.370242,253.448684,biomass\Gasifier 1 0.csv,Gasifier 1 0
2024-09-05 11:57:13.639,25,31.4310495,31.4889196,61.6226685,197.533977,314.325756,biomass\Gasifier 1 0.csv,Gasifier 1 0
2024-09-05 11:57:18.689,26,31.4348849,31.3053069,58.7002766,188.353337,391.250445,biomass\Gasifier 1 0.csv,Gasifier 1 0
2024-09-05 11:57:23.639,27,31.4428459,31.1884676,65.3281468,201.854119,324.641263,biomass\Gasifier 1 0.csv,Gasifier 1 0
2024-09-05 11:57:28.700,28,31.4697778,31.1184976,59.7108586,196.729565,318.81699,biomass\Gasifier 1 0.csv,Gasifier 1 0
2024-09-05 11:57:33.642,29,31.4673405,31.0383414,57.7171898,358.982284,321.996607,biomass\Gasifier 1 0.csv,Gasifier 1 0
2024-09-05 11:57:38.640,30,31.4789891,30.9890834,56.9934392,479.861893,310.418479,biomass\Gasifier 1 0.csv,Gasifier 1 0
2024-09-05 11:57:43.639,31,31.4966082,30.9672852,75.367133,279.276513,237.227381,biomass\Gasifier 1 0.csv,Gasifier 1 0
2024-09-05 11:57:48.639,32,31.5097326,30.9964063,68.8643185,281.735055,423.051208,biomass\Gasifier 1 0.csv,Gasifier 1 0
2024-09-05 11:57:53.639,33,31.4661622,30.982991,67.9939248,323.907237,395.270488,biomass\Gasifier 1 0.csv,Gasifier 1 0
2024-09-05 11:57:58.650,34,31.4547843,30.9673892,66.7153543,407.233418,521.355487,biomass\Gasifier 1 0.csv,Gasifier 1 0
2024-09-05 11:58:03.673,35,31.491297,30.9712426,61.112845,498.617526,520.233053,biomass\Gasifier 1 0.csv,Gasifier 1 0
2024-09-05 11:58:08.679,36,31.52324,31.0336636,72.2057088,378.572195,360.395914,biomass\Gasifier 1 0.csv,Gasifier 1 0
2024-09-05 11:58:13.639,37,31.56784,41.8425197,72.2664366,514.518631,584.048474,biomass\Gasifier 1 0.csv,Gasifier 1 0
2024-09-05 11:58:18.642,38,31.577227,36.3235479,84.1948422,355.37587,339.676102,biomass\Gasifier 1 0.csv,Gasifier 1 0
2024-09-05 11:58:23.682,39,31.6369733,33.7747672,84.5117576,341.933011,397.806718,biomass\Gasifier 1 0.csv,Gasifier 1 0
2024-09-05 11:58:28.639,40,31.6257787,32.6286037,76.320238,578.558057,508.585734,biomass\Gasifier 1 0.csv,Gasifier 1 0
2024-09-05 11:58:33.662,41,31.6565399,32.0896532,73.3735028,487.594807,447.006476,biomass\Gasifier 1 0.csv,Gasifier 1 0
2024-09-05 11:58:38.639,42,31.6633262,31.8557599,71.2917257,480.83599,433.083427,biomass\Gasifier 1 0.csv,Gasifier 1 0
2024-09-05 11:58:43.639,43,31.7046568,31.8168766,68.9827776,277.186189,246.279549,biomass\Gasifier 1 0.csv,Gasifier 1 0
2024-09-05 11:58:48.639,44,31.6690543,31.8518836,78.4959443,194.524775,197.964458,biomass\Gasifier 1 0.csv,Gasifier 1 0
2024-09-05 11:58:53.656,45,31.6779971,31.780142,70.6768649,168.325205,191.741553,biomass\Gasifier 1 0.csv,Gasifier 1 0
2024-09-05 11:58:58.639,46,31.6393582,31.7797305,66.3299477,167.805156,192.303997,biomass\Gasifier 1 0.csv,Gasifier 1 0
2024-09-05 11:59:03.669,47,31.5664837,31.730276,63.3007965,193.30348,206.293729,biomass\Gasifier 1 0.csv,Gasifier 1 0
2024-09-05 11:59:08.663,48,31.4818868,31.7928861,63.1128604,157.783772,171.068116,biomass\Gasifier 1 0.csv,Gasifier 1 0
2024-09-05 11:59:13.639,49,31.5145997,31.7648427,63.4354014,149.284947,157.857244,biomass\Gasifier 1 0.csv,Gasifier 1 0
2024-09-05 11:59:18.639,50,31.4489059,31.7181403,62.022555,150.716393,188.932149,biomass\Gasifier 1 0.csv,Gasifier 1 0
2024-09-05 11:59:23.639,51,31.4254896,31.6859293,61.400012,185.904569,219.336069,biomass\Gasifier 1 0.csv,Gasifier 1 0
2024-09-05 11:59:28.678,52,31.3945277,31.6777817,61.2760817,218.02664,247.891839,biomass\Gasifier 1 0.csv,Gasifier 1 0
2024-09-05 11:59:33.682,53,31.423168,31.691584,62.2901244,200.484335,210.224284,biomass\Gasifier 1 0.csv,Gasifier 1 0
2024-09-05 11:59:38.696,54,31.4383337,31.697752,63.0117636,192.056199,214.843081,biomass\Gasifier 1 0.csv,Gasifier 1 0
2024-09-05 11:59:43.639,55,31.4483335,31.7113731,62.7343009,214.94295,230.290139,biomass\Gasifier 1 0.csv,Gasifier 1 0
2024-09-05 11:59:48.645,56,31.4362028,31.7384557,62.57708,200.870795,205.958485,biomass\Gasifier 1 0.csv,Gasifier 1 0
2024-09-05 11:59:53.640,57,31.4419991,31.6773929,62.57713,201.826133,207.01739,biomass\Gasifier 1 0.csv,Gasifier 1 0
2024-09-05 11:59:58.662,58,31.4636956,31.6062577,62.7055795,193.700839,199.159094,biomass\Gasifier 1 0.csv,Gasifier 1 0
2024-09-05 12:00:03.673,59,31.4303254,31.5544331,63.5666841,191.81954,194.870737,biomass\Gasifier 1 0.csv,Gasifier 1 0
2024-09-05 12:00:08.639,60,31.3273851,31.5192725,63.7032625,191.11371,192.5399,biomass\Gasifier 1 0.csv,Gasifier 1 0
2024-09-05 12:00:13.639,61,31.2187408,31.4300039,63.7524484,188.566727,190.46508,biomass\Gasifier 1 0.csv,Gasifier 1 0
2024-09-05 12:00:18.639,62,31.1206327,31.3347705,64.1388914,180.606528,185.966079,biomass\Gasifier 1 0.csv,Gasifier 1 0
2024-09-05 12:00:23.639,63,31.08348,31.3139663,64.9681466,175.818273,180.087827,biomass\Gasifier 1 0.csv,Gasifier 1 0
2024-09-05 12:00:28.639,64,30.9965813,31.2919884,63.5176484,173.078761,180.032101,biomass\Gasifier 1 0.csv,Gasifier 1 0
2024-09-05 12:00:33.643,65,30.9363155,31.2676872,62.131998,171.879842,179.078968,biomass\Gasifier 1 0.csv,Gasifier 1 0
2024-09-05 12:00:38.639,66,30.8839116,31.2522186,60.7960458,182.779509,196.674306,biomass\Gasifier 1 0.csv,Gasifier 1 0
2024-09-05 12:00:43.683,67,30.8503888,31.2451455,59.8357921,196.852503,214.996167,biomass\Gasifier 1 0.csv,Gasifier 1 0
2024-09-05 12:00:48.649,68,30.8242452,31.2005597,59.4474851,198.71919,214.732081,biomass\Gasifier 1 0.csv,Gasifier 1 0
2024-09-05 12:00:53.648,69,30.7780086,31.1535176,59.0102552,202.652156,215.214693,biomass\Gasifier 1 0.csv,Gasifier 1 0
2024-09-05 12:00:58.639,70,30.7548934,31.1149882,59.164872,190.608236,197.543623,biomass\Gasifier 1 0.csv,Gasifier 1 0
2024-09-05 12:01:03.667,71,30.7741653,31.1155218,58.6727118,199.166596,215.706156,biomass\Gasifier 1 0.csv,Gasifier 1 0
2024-09-05 12:01:08.639,72,30.8145063,31.1423208,58.4543914,182.950278,194.892843,biomass\Gasifier 1 0.csv,Gasifier 1 0
2024-09-05 12:01:13.665,73,30.8281516,31.1376039,58.3249901,180.846702,192.475538,biomass\Gasifier 1 0.csv,Gasifier 1 0
2024-09-05 12:01:18.647,74,30.8059826,31.0192867,58.9877531,168.519294,173.42384,biomass\Gasifier 1 0.csv,Gasifier 1 0
2024-09-05 12:01:23.639,75,30.7667505,30.9460459,59.8305591,156.258647,157.87806,biomass\Gasifier 1 0.csv,Gasifier 1 0
2024-09-05 12:01:28.647,76,30.7300632,30.862729,60.1760624,147.463583,150.964439,biomass\Gasifier 1 0.csv,Gasifier 1 0
2024-09-05 12:01:33.639,77,30.6960331,30.8479172,60.559454,146.983571,149.066169,biomass\Gasifier 1 0.csv,Gasifier 1 0
2024-09-05 12:01:38.647,78,30.6628385,30.8679867,60.7640369,153.289385,157.030802,biomass\Gasifier 1 0.csv,Gasifier 1 0
2024-09-05 12:01:43.645,79,30.619429,30.7797688,60.5572597,162.312373,171.552242,biomass\Gasifier 1 0.csv,Gasifier 1 0
2024-09-05 12:01:48.639,80,30.6264991,30.7804753,60.5187344,166.52269,180.196621,biomass\Gasifier 1 0.csv,Gasifier 1 0
2024-09-05 12:01:53.664,81,30.5868083,30.7660073,59.682711,167.411158,178.82247,biomass\Gasifier 1 0.csv,Gasifier 1 0
2024-09-05 12:01:58.639,82,30.5831145,30.7837734,59.4510776,169.02519,179.933108,biomass\Gasifier 1 0.csv,Gasifier 1 0
2024-09-05 12:02:03.683,83,30.5841841,30.7945988,59.2211073,178.602213,187.876291,biomass\Gasifier 1 0.csv,Gasifier 1 0
2024-09-05 12:02:08.639,84,30.5958149,30.8096111,59.4714933,175.363086,190.609036,biomass\Gasifier 1 0.csv,Gasifier 1 0
2024-09-05 12:02:13.658,85,30.6712377,30.8338138,58.9847965,189.538598,222.535682,biomass\Gasifier 1 0.csv,Gasifier 1 0
2024-09-05 12:02:18.642,86,30.6964101,30.7481834,58.7463632,198.827378,221.447438,biomass\Gasifier 1 0.csv,Gasifier 1 0
2024-09-05 12:02:23.682,87,30.7011179,30.7697864,59.4038005,182.727985,186.756249,biomass\Gasifier 1 0.csv,Gasifier 1 0
2024-09-05 12:02:28.639,88,30.6747299,30.7746276,60.3629072,179.897924,180.956575,biomass\Gasifier 1 0.csv,Gasifier 1 0
2024-09-05 12:02:33.639,89,30.6625877,30.8092661,61.0569673,177.229272,181.920107,biomass\Gasifier 1 0.csv,Gasifier 1 0
2024-09-05 12:02:38.639,90,30.6575367,30.817554,60.4689343,187.889587,201.529499,biomass\Gasifier 1 0.csv,Gasifier 1 0
2024-09-05 12:02:43.639,91,30.6739348,30.8583605,59.9201101,203.245582,233.811047,biomass\Gasifier 1 0.csv,Gasifier 1 0
2024-09-05 12:02:48.639,92,30.7356377,30.8779311,59.3955798,214.736683,244.053317,biomass\Gasifier 1 0.csv,Gasifier 1 0
2024-09-05 12:02:53.639,93,30.8209376,30.946888,59.3727131,211.604624,230.438816,biomass\Gasifier 1 0.csv,Gasifier 1 0
2024-09-05 12:02:58.639,94,30.8193273,30.9401193,59.2600367,220.520039,239.929777,biomass\Gasifier 1 0.csv,Gasifier 1 0
2024-09-05 12:03:03.682,95,30.782056,30.8728412,59.3937886,221.221787,236.30078,biomass\Gasifier 1 0.csv,Gasifier 1 0
2024-09-05 12:03:08.639,96,30.7601656,30.7526441,60.430027,213.037212,229.901678,biomass\Gasifier 1 0.csv,Gasifier 1 0
2024-09-05 12:03:13.639,97,30.8097314,30.7368484,60.8838649,212.320267,220.666562,biomass\Gasifier 1 0.csv,Gasifier 1 0
2024-09-05 12:03:18.649,98,30.7717603,30.7267307,61.886074,207.556237,213.920862,biomass\Gasifier 1 0.csv,Gasifier 1 0
2024-09-05 12:03:23.648,99,30.7974808,30.7260491,62.3057218,200.592114,214.761796,biomass\Gasifier 1 0.csv,Gasifier 1 0
2024-09-05 12:03:28.677,100,30.814516,30.7210031,63.0222481,201.093313,209.918291,biomass\Gasifier 1 0.csv,Gasifier 1 0
2024-09-05 12:03:33.639,101,30.8675121,30.7938644,64.167662,196.857279,202.283577,biomass\Gasifier 1 0.csv,Gasifier 1 0
2024-09-05 12:03:38.664,102,30.8297382,30.8271524,64.7942342,198.812546,199.879871,biomass\Gasifier 1 0.csv,Gasifier 1 0
2024-09-05 12:03:43.639,103,30.8159567,30.8294509,65.2058059,196.248471,198.678031,biomass\Gasifier 1 0.csv,Gasifier 1 0
2024-09-05 12:03:48.639,104,30.757031,30.7766056,65.5749898,210.465632,220.533551,biomass\Gasifier 1 0.csv,Gasifier 1 0
2024-09-05 12:03:53.639,105,30.7226296,30.7335938,66.0952904,228.776853,237.334739,biomass\Gasifier 1 0.csv,Gasifier 1 0
2024-09-05 12:03:58.641,106,30.7700851,30.7735485,66.0933438,247.644489,263.023119,biomass\Gasifier 1 0.csv,Gasifier 1 0
2024-09-05 12:04:03.651,107,30.8077999,30.8049445,66.8335217,234.115121,243.050709,biomass\Gasifier 1 0.csv,Gasifier 1 0
2024-09-05 12:04:08.646,108,30.7791557,30.7713495,66.9797777,234.566099,238.416803,biomass\Gasifier 1 0.csv,Gasifier 1 0
2024-09-05 12:04:13.690,109,30.6663346,30.6663757,67.531237,219.583682,218.754712,biomass\Gasifier 1 0.csv,Gasifier 1 0
2024-09-05 12:04:18.656,110,30.6525226,30.5949573,67.9533338,228.825254,232.938529,biomass\Gasifier 1 0.csv,Gasifier 1 0
2024-09-05 12:04:23.655,111,30.5876423,30.562794,68.1290208,227.874356,229.528727,biomass\Gasifier 1 0.csv,Gasifier 1 0
2024-09-05 12:04:28.671,112,30.5865204,30.6091459,68.3558528,227.242592,225.390342,biomass\Gasifier 1 0.csv,Gasifier 1 0
2024-09-05 12:04:33.652,113,30.5630676,30.6441057,69.1234479,239.616564,255.011724,biomass\Gasifier 1 0.csv,Gasifier 1 0
2024-09-05 12:04:38.665,114,30.5435806,30.6648337,67.8990886,285.97143,320.884363,biomass\Gasifier 1 0.csv,Gasifier 1 0
2024-09-05 12:04:43.639,115,30.5205959,30.6652067,68.4346069,266.860383,277.629674,biomass\Gasifier 1 0.csv,Gasifier 1 0
2024-09-05 12:04:48.639,116,30.4848256,30.6705837,68.1943753,282.152589,312.956228,biomass\Gasifier 1 0.csv,Gasifier 1 0
2024-09-05 12:04:53.642,117,30.4722089,30.6915214,67.7906641,296.993088,321.287822,biomass\Gasifier 1 0.csv,Gasifier 1 0
2024-09-05 12:04:58.639,118,30.4395012,30.6925394,67.7227894,305.7123,347.854359,biomass\Gasifier 1 0.csv,Gasifier 1 0
2024-09-05 12:05:03.641,119,30.4384632,30.7001204,67.4207895,319.722958,367.877364,biomass\Gasifier 1 0.csv,Gasifier 1 0
2024-09-05 12:05:08.644,120,30.4328607,30.6911827,67.2237737,317.745777,366.174333,biomass\Gasifier 1 0.csv,Gasifier 1 0
2024-09-05 12:05:13.639,121,30.380113,30.6349912,67.4097369,313.164346,351.699297,biomass\Gasifier 1 0.csv,Gasifier 1 0
2024-09-05 12:05:18.672,122,30.2756079,30.8840517,67.8467011,312.645484,351.688672,biomass\Gasifier 1 0.csv,Gasifier 1 0
2024-09-05 12:05:23.670,123,30.2108856,31.052398,67.705155,314.812835,387.187062,biomass\Gasifier 1 0.csv,Gasifier 1 0
2024-09-05 12:05:28.667,124,30.1343744,31.1378212,67.9368359,332.593146,384.373856,biomass\Gasifier 1 0.csv,Gasifier 1 0
2024-09-05 12:05:33.639,125,30.0721555,31.1528859,68.4052772,317.849887,359.820008,biomass\Gasifier 1 0.csv,Gasifier 1 0
2024-09-05 12:05:38.666,126,30.0157301,31.1189152,68.672389,306.877725,364.144124,biomass\Gasifier 1 0.csv,Gasifier 1 0
2024-09-05 12:05:43.639,127,30.0016689,31.1168734,69.3515213,294.623928,324.512643,biomass\Gasifier 1 0.csv,Gasifier 1 0
2024-09-05 12:05:48.639,128,29.9883044,31.1141552,70.1318593,301.105766,327.168849,biomass\Gasifier 1 0.csv,Gasifier 1 0
2024-09-05 12:05:53.639,129,29.9604912,31.0786965,70.7346108,298.152221,339.34231,biomass\Gasifier 1 0.csv,Gasifier 1 0
2024-09-05 12:05:58.639,130,29.9304002,31.1179933,71.0803538,292.093332,323.91269,biomass\Gasifier 1 0.csv,Gasifier 1 0
2024-09-05 12:06:03.674,131,29.9225622,31.2020178,71.906544,291.760863,356.838634,biomass\Gasifier 1 0.csv,Gasifier 1 0
2024-09-05 12:06:08.652,132,29.9282437,31.1480762,72.2468286,302.649204,335.355014,biomass\Gasifier 1 0.csv,Gasifier 1 0
2024-09-05 12:06:13.697,133,29.9080436,31.1020448,72.8696032,302.209679,359.968075,biomass\Gasifier 1 0.csv,Gasifier 1 0
2024-09-05 12:06:18.669,134,29.9178006,31.0922198,73.5430732,301.05372,362.805597,biomass\Gasifier 1 0.csv,Gasifier 1 0
2024-09-05 12:06:23.639,135,29.9247763,31.1025028,73.9172679,306.623376,367.237967,biomass\Gasifier 1 0.csv,Gasifier 1 0
2024-09-05 12:06:28.666,136,29.8887538,31.0671041,74.6183407,301.923933,337.64806,biomass\Gasifier 1 0.csv,Gasifier 1 0
2024-09-05 12:06:33.686,137,29.8942776,31.0834603,75.8629317,281.159084,294.792494,biomass\Gasifier 1 0.csv,Gasifier 1 0
2024-09-05 12:06:38.639,138,29.8874573,31.1227172,77.3728209,282.455866,306.357963,biomass\Gasifier 1 0.csv,Gasifier 1 0
2024-09-05 12:06:43.639,139,29.8577411,31.1659422,78.674708,288.415301,307.980804,biomass\Gasifier 1 0.csv,Gasifier 1 0
2024-09-05 12:06:48.693,140,29.9024911,31.1425733,80.5846548,290.36048,323.493426,biomass\Gasifier 1 0.csv,Gasifier 1 0
2024-09-05 12:06:53.661,141,30.0202848,31.1525889,81.6561002,292.624936,311.919905,biomass\Gasifier 1 0.csv,Gasifier 1 0
2024-09-05 12:06:58.639,142,30.2186098,31.1932898,81.7137971,295.542825,314.132539,biomass\Gasifier 1 0.csv,Gasifier 1 0
2024-09-05 12:07:03.639,143,30.2739449,31.2041212,81.9913408,291.409081,313.64368,biomass\Gasifier 1 0.csv,Gasifier 1 0
2024-09-05 12:07:08.641,144,30.1779511,31.2074044,83.423216,281.29203,292.776767,biomass\Gasifier 1 0.csv,Gasifier 1 0
2024-09-05 12:07:13.689,145,30.2391813,31.2405852,85.2826414,284.009973,297.021533,biomass\Gasifier 1 0.csv,Gasifier 1 0
2024-09-05 12:07:18.641,146,30.2285203,31.2458043,85.9749451,292.490781,320.128516,biomass\Gasifier 1 0.csv,Gasifier 1 0
2024-09-05 12:07:23.646,147,30.1572094,31.2442365,86.8607393,286.444954,293.472605,biomass\Gasifier 1 0.csv,Gasifier 1 0
2024-09-05 12:07:28.639,148,30.1523247,31.2530639,87.978477,271.459164,275.921162,biomass\Gasifier 1 0.csv,Gasifier 1 0
2024-09-05 12:07:33.650,149,30.105322,31.1834122,88.5260277,270.738441,277.979291,biomass\Gasifier 1 0.csv,Gasifier 1 0
2024-09-05 12:07:38.673,150,30.1240696,31.2282816,89.1705463,279.401533,291.160167,biomass\Gasifier 1 0.csv,Gasifier 1 0
2024-09-05 12:07:43.676,151,30.110994,31.2922229,88.5142907,270.921365,292.046537,biomass\Gasifier 1 0.csv,Gasifier 1 0
2024-09-05 12:07:48.675,152,30.0755498,31.3093852,89.3784104,274.719537,287.04407,biomass\Gasifier 1 0.csv,Gasifier 1 0
2024-09-05 12:07:53.639,153,30.0638347,31.3349731,89.8206937,284.321424,300.707283,biomass\Gasifier 1 0.csv,Gasifier 1 0
2024-09-05 12:07:58.663,154,30.009629,31.3147398,91.3849476,286.858865,306.169594,biomass\Gasifier 1 0.csv,Gasifier 1 0
2024-09-05 12:08:03.720,155,29.9500479,31.3798642,91.836159,271.033654,287.138013,biomass\Gasifier 1 0.csv,Gasifier 1 0
2024-09-05 12:08:08.674,156,29.8930182,31.34696,91.2065326,269.089698,287.699734,biomass\Gasifier 1 0.csv,Gasifier 1 0
2024-09-05 12:08:13.639,157,29.8918353,31.388371,90.9022056,273.224992,284.305948,biomass\Gasifier 1 0.csv,Gasifier 1 0
2024-09-05 12:08:18.639,158,29.9794437,31.3634065,90.7628835,275.848657,295.4957,biomass\Gasifier 1 0.csv,Gasifier 1 0
2024-09-05 12:08:23.639,159,30.0282184,31.4166562,92.7971819,263.279813,265.832751,biomass\Gasifier 1 0.csv,Gasifier 1 0
2024-09-05 12:08:28.639,160,30.0493048,31.4747336,93.1919835,262.083262,270.068281,biomass\Gasifier 1 0.csv,Gasifier 1 0
2024-09-05 12:08:33.689,161,30.0371864,31.4835864,93.2143066,269.232541,289.589884,biomass\Gasifier 1 0.csv,Gasifier 1 0
2024-09-05 12:08:38.639,162,30.0780357,31.5383777,93.8462304,268.63585,287.555187,biomass\Gasifier 1 0.csv,Gasifier 1 0
2024-09-05 12:08:43.648,163,30.084166,31.6127881,95.483562,263.661621,269.544207,biomass\Gasifier 1 0.csv,Gasifier 1 0
2024-09-05 12:08:48.639,164,30.1024437,31.624307,95.0666092,268.350786,291.899215,biomass\Gasifier 1 0.csv,Gasifier 1 0
2024-09-05 12:08:53.672,165,30.1288817,31.5707041,96.1526115,247.205326,258.410608,biomass\Gasifier 1 0.csv,Gasifier 1 0
2024-09-05 12:08:58.639,166,30.1083425,31.5477222,96.2839557,244.172362,256.932996,biomass\Gasifier 1 0.csv,Gasifier 1 0
2024-09-05 12:09:03.639,167,30.1180176,31.587404,97.0132492,244.695391,261.207436,biomass\Gasifier 1 0.csv,Gasifier 1 0
2024-09-05 12:09:08.639,168,30.1141302,31.4866934,97.5246847,246.612931,256.061465,biomass\Gasifier 1 0.csv,Gasifier 1 0
2024-09-05 12:09:13.671,169,30.0730563,31.3572835,97.7403023,248.188509,273.546358,biomass\Gasifier 1 0.csv,Gasifier 1 0
2024-09-05 12:09:18.650,170,30.0519391,31.2423501,98.0652797,249.356252,267.539235,biomass\Gasifier 1 0.csv,Gasifier 1 0
2024-09-05 12:09:23.639,171,30.0175478,31.2239897,99.500825,233.303245,244.240589,biomass\Gasifier 1 0.csv,Gasifier 1 0
2024-09-05 12:09:28.644,172,30.0074765,31.198803,100.265748,227.207138,236.726192,biomass\Gasifier 1 0.csv,Gasifier 1 0
2024-09-05 12:09:33.639,173,29.9853124,31.2654672,101.4028,222.904483,228.604955,biomass\Gasifier 1 0.csv,Gasifier 1 0
2024-09-05 12:09:38.639,174,29.9814383,31.1958951,101.920927,220.885755,223.938599,biomass\Gasifier 1 0.csv,Gasifier 1 0
2024-09-05 12:09:43.672,175,29.9467155,31.2681911,102.752812,220.291797,219.260264,biomass\Gasifier 1 0.csv,Gasifier 1 0
2024-09-05 12:09:48.639,176,29.9690866,31.3617821,102.946075,220.383697,223.124067,biomass\Gasifier 1 0.csv,Gasifier 1 0
2024-09-05 12:09:53.671,177,29.9659635,31.3422541,104.038279,217.439356,220.149353,biomass\Gasifier 1 0.csv,Gasifier 1 0
2024-09-05 12:09:58.656,178,29.9451385,31.3704789,104.403125,215.741674,214.766005,biomass\Gasifier 1 0.csv,Gasifier 1 0
2024-09-05 12:10:03.687,179,29.9285296,31.4752335,104.355325,214.418662,215.439399,biomass\Gasifier 1 0.csv,Gasifier 1 0
2024-09-05 12:10:08.653,180,29.9204531,31.5437586,104.325247,211.651058,212.755713,biomass\Gasifier 1 0.csv,Gasifier 1 0
2024-09-05 12:10:13.671,181,29.9140528,31.603519,104.544722,209.524764,210.750337,biomass\Gasifier 1 0.csv,Gasifier 1 0
2024-09-05 12:10:18.639,182,29.9124354,31.6610573,105.566354,208.532109,206.119608,biomass\Gasifier 1 0.csv,Gasifier 1 0
2024-09-05 12:10:23.639,183,29.9308184,31.5363859,106.354262,210.096538,209.922037,biomass\Gasifier 1 0.csv,Gasifier 1 0
2024-09-05 12:10:28.642,184,29.9442206,31.3907576,106.517227,206.959484,210.885794,biomass\Gasifier 1 0.csv,Gasifier 1 0
2024-09-05 12:10:33.639,185,29.8986238,31.6196768,106.734594,207.82084,207.916884,biomass\Gasifier 1 0.csv,Gasifier 1 0
2024-09-05 12:10:38.692,186,29.8143334,31.5976504,106.875728,206.064506,210.469326,biomass\Gasifier 1 0.csv,Gasifier 1 0
2024-09-05 12:10:43.639,187,29.8749452,31.52072,107.955428,204.433668,206.869648,biomass\Gasifier 1 0.csv,Gasifier 1 0
2024-09-05 12:10:48.661,188,29.9055841,31.5589716,108.767321,202.845124,205.416622,biomass\Gasifier 1 0.csv,Gasifier 1 0
2024-09-05 12:10:53.639,189,29.9419873,31.6796507,109.098514,201.960094,203.171711,biomass\Gasifier 1 0.csv,Gasifier 1 0
2024-09-05 12:10:58.644,190,29.9285333,31.7767968,109.22246,199.772534,201.340745,biomass\Gasifier 1 0.csv,Gasifier 1 0
2024-09-05 12:11:03.639,191,29.9318013,31.7845492,108.85719,202.703921,205.84831,biomass\Gasifier 1 0.csv,Gasifier 1 0
2024-09-05 12:11:08.663,192,29.9559732,31.746494,109.668807,200.325514,200.375353,biomass\Gasifier 1 0.csv,Gasifier 1 0
2024-09-05 12:11:13.705,193,29.9369534,31.7273033,110.169123,201.468831,197.869446,biomass\Gasifier 1 0.csv,Gasifier 1 0
2024-09-05 12:11:18.686,194,29.9589014,31.7951911,109.994929,200.454554,202.134695,biomass\Gasifier 1 0.csv,Gasifier 1 0
2024-09-05 12:11:23.639,195,29.9709129,31.8994301,110.6301,199.634115,199.975918,biomass\Gasifier 1 0.csv,Gasifier 1 0
2024-09-05 12:11:28.685,196,29.9872403,31.9653359,111.116577,199.281613,194.992054,biomass\Gasifier 1 0.csv,Gasifier 1 0
2024-09-05 12:11:33.675,197,29.9930266,32.1241591,110.816054,198.195442,197.658029,biomass\Gasifier 1 0.csv,Gasifier 1 0
2024-09-05 12:11:38.639,198,29.9665875,32.1275293,110.894312,197.790098,194.817049,biomass\Gasifier 1 0.csv,Gasifier 1 0
2024-09-05 12:11:43.639,199,29.953622,32.1064756,109.69799,196.547604,197.451659,biomass\Gasifier 1 0.csv,Gasifier 1 0
2024-09-05 12:11:48.639,200,30.0080457,32.0592959,108.423007,195.546443,191.218719,biomass\Gasifier 1 0.csv,Gasifier 1 0
2024-09-05 12:11:53.640,201,29.9591791,32.1568156,107.294883,196.741663,195.913794,biomass\Gasifier 1 0.csv,Gasifier 1 0
2024-09-05 12:11:58.640,202,30.0578992,32.2386097,106.659841,198.994881,200.641981,biomass\Gasifier 1 0.csv,Gasifier 1 0
2024-09-05 12:12:03.701,203,30.1267634,32.3026638,106.79137,197.448177,194.470777,biomass\Gasifier 1 0.csv,Gasifier 1 0
2024-09-05 12:12:08.650,204,30.1845174,32.3057654,106.85569,197.526995,193.481591,biomass\Gasifier 1 0.csv,Gasifier 1 0
2024-09-05 12:12:13.715,205,30.2053729,32.3386207,106.643627,192.323806,183.927885,biomass\Gasifier 1 0.csv,Gasifier 1 0
2024-09-05 12:12:18.671,206,30.2648648,32.4093887,106.685292,189.774742,181.361414,biomass\Gasifier 1 0.csv,Gasifier 1 0
2024-09-05 12:12:23.656,207,30.3375806,32.4688004,106.526631,192.664755,186.416161,biomass\Gasifier 1 0.csv,Gasifier 1 0
2024-09-05 12:12:28.652,208,30.4041162,32.4778024,106.893075,192.800944,192.355154,biomass\Gasifier 1 0.csv,Gasifier 1 0
2024-09-05 12:12:33.650,209,30.5332691,32.583467,106.73143,193.443037,192.781875,biomass\Gasifier 1 0.csv,Gasifier 1 0
2024-09-05 12:12:38.672,210,30.6177696,32.5639052,107.093214,192.470856,191.816741,biomass\Gasifier 1 0.csv,Gasifier 1 0
2024-09-05 12:12:43.661,211,30.6841027,32.620982,106.897295,194.577535,194.720836,biomass\Gasifier 1 0.csv,Gasifier 1 0
2024-09-05 12:12:48.652,212,30.7916011,32.7459122,107.350688,194.148404,199.501102,biomass\Gasifier 1 0.csv,Gasifier 1 0
2024-09-05 12:12:53.683,213,30.8287676,32.8387693,107.698018,193.55506,199.258977,biomass\Gasifier 1 0.csv,Gasifier 1 0
2024-09-05 12:12:58.650,214,30.9031571,32.8547117,107.863141,192.790772,196.066583,biomass\Gasifier 1 0.csv,Gasifier 1 0
2024-09-05 12:13:03.659,215,30.9436398,32.8728946,107.660354,193.922534,192.398047,biomass\Gasifier 1 0.csv,Gasifier 1 0
2024-09-05 12:13:08.682,216,30.959524,32.9068011,108.367279,193.320348,191.299906,biomass\Gasifier 1 0.csv,Gasifier 1 0
2024-09-05 12:13:13.657,217,30.9592102,32.9493781,108.379693,194.317081,191.628076,biomass\Gasifier 1 0.csv,Gasifier 1 0
2024-09-05 12:13:18.650,218,30.9954034,32.8642443,108.32152,193.850744,197.281914,biomass\Gasifier 1 0.csv,Gasifier 1 0
2024-09-05 12:13:23.650,219,31.0434117,32.9272512,108.66312,194.583343,194.247804,biomass\Gasifier 1 0.csv,Gasifier 1 0
2024-09-05 12:13:28.650,220,31.0848309,32.9276186,109.159354,193.291405,193.735896,biomass\Gasifier 1 0.csv,Gasifier 1 0
2024-09-05 12:13:33.652,221,31.127855,33.0529888,108.796076,195.240125,198.944555,biomass\Gasifier 1 0.csv,Gasifier 1 0
2024-09-05 12:13:38.674,222,31.1239136,33.0284043,109.401821,193.390887,193.978308,biomass\Gasifier 1 0.csv,Gasifier 1 0
2024-09-05 12:13:43.709,223,31.1417994,32.964872,110.080019,193.457387,189.816736,biomass\Gasifier 1 0.csv,Gasifier 1 0
2024-09-05 12:13:48.650,224,31.1358459,33.0433885,110.563988,192.770454,190.730263,biomass\Gasifier 1 0.csv,Gasifier 1 0
2024-09-05 12:13:53.650,225,31.1236461,32.9472408,110.291882,195.169706,193.968673,biomass\Gasifier 1 0.csv,Gasifier 1 0
2024-09-05 12:13:58.650,226,31.1528754,33.0187382,110.16511,196.127305,192.636504,biomass\Gasifier 1 0.csv,Gasifier 1 0
2024-09-05 12:14:03.689,227,31.1723788,32.8369842,110.459658,194.811518,193.713906,biomass\Gasifier 1 0.csv,Gasifier 1 0
2024-09-05 12:14:08.686,228,31.1821739,32.9317379,110.990334,194.042255,190.522495,biomass\Gasifier 1 0.csv,Gasifier 1 0
2024-09-05 12:14:13.653,229,31.2281613,33.0202811,110.910508,196.614395,189.962747,biomass\Gasifier 1 0.csv,Gasifier 1 0
2024-09-05 12:14:18.650,230,31.2485386,33.0845903,111.054853,196.672154,190.84747,biomass\Gasifier 1 0.csv,Gasifier 1 0
2024-09-05 12:14:23.650,231,31.2925724,33.2104679,111.552507,193.683372,189.898395,biomass\Gasifier 1 0.csv,Gasifier 1 0
2024-09-05 12:14:28.650,232,31.323401,33.2578241,111.692715,194.47428,190.708447,biomass\Gasifier 1 0.csv,Gasifier 1 0
2024-09-05 12:14:33.650,233,31.3490216,33.3216369,112.106092,194.825785,190.765193,biomass\Gasifier 1 0.csv,Gasifier 1 0
2024-09-05 12:14:38.650,234,31.3811611,33.4753577,111.729241,194.132657,192.483439,biomass\Gasifier 1 0.csv,Gasifier 1 0
2024-09-05 12:14:43.650,235,31.3776639,33.6532386,112.57156,194.693798,195.393344,biomass\Gasifier 1 0.csv,Gasifier 1 0
2024-09-05 12:14:48.650,236,31.386286,33.6931884,111.185617,192.676075,191.383097,biomass\Gasifier 1 0.csv,Gasifier 1 0
2024-09-05 12:14:53.690,237,31.401956,33.7635234,109.912039,194.564372,189.640009,biomass\Gasifier 1 0.csv,Gasifier 1 0
2024-09-05 12:14:58.699,238,31.4121188,33.8375621,109.224124,194.081527,190.784087,biomass\Gasifier 1 0.csv,Gasifier 1 0
2024-09-05 12:15:03.650,239,31.3957846,33.901439,108.790052,194.007647,189.136455,biomass\Gasifier 1 0.csv,Gasifier 1 0
2024-09-05 12:15:08.687,240,31.3939162,33.9592081,108.240867,194.838351,189.698051,biomass\Gasifier 1 0.csv,Gasifier 1 0
2024-09-05 12:15:13.656,241,31.3999425,33.9127718,108.474026,193.558668,188.945486,biomass\Gasifier 1 0.csv,Gasifier 1 0
2024-09-05 12:15:18.675,242,31.4057514,33.9797796,108.50629,195.121668,194.716247,biomass\Gasifier 1 0.csv,Gasifier 1 0
2024-09-05 12:15:23.681,243,31.3978909,34.0052597,108.521128,195.789525,196.482433,biomass\Gasifier 1 0.csv,Gasifier 1 0
2024-09-05 12:15:28.684,244,31.4017005,33.7661888,108.344816,196.650391,194.261591,biomass\Gasifier 1 0.csv,Gasifier 1 0
2024-09-05 12:15:33.661,245,31.4059773,33.6249513,108.180327,197.753223,201.100625,biomass\Gasifier 1 0.csv,Gasifier 1 0
2024-09-05 12:15:38.650,246,31.3959943,33.5483389,108.510098,196.614383,202.806051,biomass\Gasifier 1 0.csv,Gasifier 1 0
2024-09-05 12:15:43.664,247,31.4032413,33.4733083,108.646161,196.953205,198.489721,biomass\Gasifier 1 0.csv,Gasifier 1 0
2024-09-05 12:15:48.668,248,31.3725521,33.5377123,108.858372,197.738817,196.713097,biomass\Gasifier 1 0.csv,Gasifier 1 0
2024-09-05 12:15:53.650,249,31.4140155,33.5861583,109.361617,194.682234,193.851205,biomass\Gasifier 1 0.csv,Gasifier 1 0
2024-09-05 12:15:58.650,250,31.4037702,33.5738221,109.891521,197.265551,194.015571,biomass\Gasifier 1 0.csv,Gasifier 1 0
2024-09-05 12:16:03.650,251,31.4088913,33.624407,110.137181,197.168773,197.810352,biomass\Gasifier 1 0.csv,Gasifier 1 0
2024-09-05 12:16:08.706,252,31.3885745,33.6670272,110.206848,198.604346,199.273672,biomass\Gasifier 1 0.csv,Gasifier 1 0
2024-09-05 12:16:13.650,253,31.4046979,33.770683,110.044489,196.612486,194.79046,biomass\Gasifier 1 0.csv,Gasifier 1 0
2024-09-05 12:16:18.665,254,31.4215521,33.813228,110.72618,197.728925,193.862686,biomass\Gasifier 1 0.csv,Gasifier 1 0
2024-09-05 12:16:23.670,255,31.4169632,33.8349997,110.96675,196.684263,193.869051,biomass\Gasifier 1 0.csv,Gasifier 1 0
2024-09-05 12:16:28.667,256,31.4384649,33.8876834,111.90533,195.93493,191.508868,biomass\Gasifier 1 0.csv,Gasifier 1 0
2024-09-05 12:16:33.673,257,31.4366819,33.9655732,112.564911,196.590206,192.70978,biomass\Gasifier 1 0.csv,Gasifier 1 0
2024-09-05 12:16:38.676,258,31.4412583,34.0309793,113.033023,196.929494,193.640446,biomass\Gasifier 1 0.csv,Gasifier 1 0
2024-09-05 12:16:43.651,259,31.4474204,33.9591057,112.994968,196.975756,198.638865,biomass\Gasifier 1 0.csv,Gasifier 1 0
2024-09-05 12:16:48.668,260,31.4344815,33.9698072,113.313502,197.107078,196.363138,biomass\Gasifier 1 0.csv,Gasifier 1 0
2024-09-05 12:16:53.712,261,31.4402143,33.9701179,113.490481,199.492031,202.377921,biomass\Gasifier 1 0.csv,Gasifier 1 0
2024-09-05 12:16:58.651,262,31.4541263,34.0749772,113.656706,198.888009,199.960173,biomass\Gasifier 1 0.csv,Gasifier 1 0
2024-09-05 12:17:03.709,263,31.4629992,34.125692,113.590693,199.45982,197.69288,biomass\Gasifier 1 0.csv,Gasifier 1 0
2024-09-05 12:17:08.683,264,31.4383259,34.1874019,113.814913,199.261543,197.96613,biomass\Gasifier 1 0.csv,Gasifier 1 0
2024-09-05 12:17:13.670,265,31.4498637,34.2345601,114.067278,198.584349,194.987682,biomass\Gasifier 1 0.csv,Gasifier 1 0
2024-09-05 12:17:18.658,266,31.4446458,34.2315713,114.157107,198.712616,196.992109,biomass\Gasifier 1 0.csv,Gasifier 1 0
2024-09-05 12:17:23.650,267,31.4388853,34.2991898,114.466806,199.473584,199.102109,biomass\Gasifier 1 0.csv,Gasifier 1 0
2024-09-05 12:17:28.731,268,31.4566541,34.2817317,114.745094,201.39754,199.335409,biomass\Gasifier 1 0.csv,Gasifier 1 0
2024-09-05 12:17:33.650,269,31.433995,34.2622344,115.033109,199.736927,199.461441,biomass\Gasifier 1 0.csv,Gasifier 1 0
2024-09-05 12:17:38.651,270,31.455336,34.295663,115.005449,197.924545,198.300584,biomass\Gasifier 1 0.csv,Gasifier 1 0
2024-09-05 12:17:43.666,271,31.4582441,34.3355891,115.392083,200.952118,197.065814,biomass\Gasifier 1 0.csv,Gasifier 1 0
2024-09-05 12:17:48.661,272,31.4493965,34.3631087,115.76362,200.435947,200.180658,biomass\Gasifier 1 0.csv,Gasifier 1 0
2024-09-05 12:17:53.665,273,31.4613133,34.4105088,116.265744,200.674373,203.159742,biomass\Gasifier 1 0.csv,Gasifier 1 0
2024-09-05 12:17:58.682,274,31.4676813,34.3488946,116.328184,201.468848,202.550472,biomass\Gasifier 1 0.csv,Gasifier 1 0
2024-09-05 12:18:03.729,275,31.4744715,34.3492231,116.46941,200.816051,200.200284,biomass\Gasifier 1 0.csv,Gasifier 1 0
2024-09-05 12:18:08.728,276,31.4686602,34.3470437,117.586713,199.795981,197.459263,biomass\Gasifier 1 0.csv,Gasifier 1 0
2024-09-05 12:18:13.660,277,31.4555763,34.3897548,117.614412,198.022303,195.02386,biomass\Gasifier 1 0.csv,Gasifier 1 0
2024-09-05 12:18:18.681,278,31.470632,34.4644502,117.907727,200.030748,197.891111,biomass\Gasifier 1 0.csv,Gasifier 1 0
2024-09-05 12:18:23.665,279,31.4842401,34.4921054,118.266749,198.21459,198.796592,biomass\Gasifier 1 0.csv,Gasifier 1 0
2024-09-05 12:18:28.651,280,31.4684459,34.4603216,118.16496,199.727767,199.698372,biomass\Gasifier 1 0.csv,Gasifier 1 0
2024-09-05 12:18:33.654,281,31.4934729,34.5019236,117.987652,201.487402,202.727266,biomass\Gasifier 1 0.csv,Gasifier 1 0
2024-09-05 12:18:38.673,282,31.4840042,34.6717901,116.06963,202.484442,200.437857,biomass\Gasifier 1 0.csv,Gasifier 1 0
2024-09-05 12:18:43.686,283,31.4758904,34.6945949,114.670624,202.051888,201.059514,biomass\Gasifier 1 0.csv,Gasifier 1 0
2024-09-05 12:18:48.681,284,31.485271,34.7663332,114.537659,202.771689,198.250187,biomass\Gasifier 1 0.csv,Gasifier 1 0
2024-09-05 12:18:53.651,285,31.4712374,34.8705974,114.582096,201.967363,196.82116,biomass\Gasifier 1 0.csv,Gasifier 1 0
2024-09-05 12:18:58.651,286,31.4490923,34.9553904,114.393858,202.759955,201.192263,biomass\Gasifier 1 0.csv,Gasifier 1 0
2024-09-05 12:19:03.687,287,31.4600708,35.0298199,114.36337,202.945575,202.437935,biomass\Gasifier 1 0.csv,Gasifier 1 0
2024-09-05 12:19:08.666,288,31.4557487,35.09905,114.779691,202.979498,198.928433,biomass\Gasifier 1 0.csv,Gasifier 1 0
2024-09-05 12:19:13.656,289,31.4446642,35.1856031,114.799872,204.376324,201.611419,biomass\Gasifier 1 0.csv,Gasifier 1 0
2024-09-05 12:19:18.694,290,31.4444709,35.2603732,114.851005,204.593968,202.687227,biomass\Gasifier 1 0.csv,Gasifier 1 0
2024-09-05 12:19:23.650,291,31.4473778,35.4051917,114.490569,204.706048,206.75108,biomass\Gasifier 1 0.csv,Gasifier 1 0
2024-09-05 12:19:28.654,292,31.4099849,35.4291748,113.614133,205.348746,198.67199,biomass\Gasifier 1 0.csv,Gasifier 1 0
2024-09-05 12:19:33.650,293,31.4048491,35.4260952,113.288917,203.979234,198.558313,biomass\Gasifier 1 0.csv,Gasifier 1 0
2024-09-05 12:19:38.690,294,31.4169694,35.4909675,113.353038,202.883492,202.241372,biomass\Gasifier 1 0.csv,Gasifier 1 0
2024-09-05 12:19:43.650,295,31.4329964,35.4738057,113.355416,203.007585,198.831762,biomass\Gasifier 1 0.csv,Gasifier 1 0
2024-09-05 12:19:48.696,296,31.3995924,35.5307902,113.514742,202.958604,203.581203,biomass\Gasifier 1 0.csv,Gasifier 1 0
2024-09-05 12:19:53.689,297,31.3903238,35.5647039,113.730235,204.00559,199.960302,biomass\Gasifier 1 0.csv,Gasifier 1 0
2024-09-05 12:19:58.692,298,31.4166245,35.6312591,113.929173,203.475766,196.702652,biomass\Gasifier 1 0.csv,Gasifier 1 0
2024-09-05 12:20:03.650,299,31.4023498,35.6738106,113.815553,202.470395,198.379315,biomass\Gasifier 1 0.csv,Gasifier 1 0
2024-09-05 12:20:08.666,300,31.4179612,35.7149694,114.354612,203.636995,200.585322,biomass\Gasifier 1 0.csv,Gasifier 1 0
2024-09-05 12:20:13.653,301,31.3965356,35.7178127,114.608079,207.48889,200.193158,biomass\Gasifier 1 0.csv,Gasifier 1 0
2024-09-05 12:20:18.659,302,31.3765351,35.7388571,114.889289,204.683994,203.600378,biomass\Gasifier 1 0.csv,Gasifier 1 0
2024-09-05 12:20:23.650,303,31.4115808,35.7503144,115.047582,206.016069,201.87104,biomass\Gasifier 1 0.csv,Gasifier 1 0
2024-09-05 12:20:28.680,304,31.4047649,35.8041165,115.275862,205.987523,201.209813,biomass\Gasifier 1 0.csv,Gasifier 1 0
2024-09-05 12:20:33.650,305,31.3953101,35.8938846,115.392644,204.870878,207.210766,biomass\Gasifier 1 0.csv,Gasifier 1 0
2024-09-05 12:20:38.650,306,31.3747807,35.9659248,115.695803,205.756456,208.339437,biomass\Gasifier 1 0.csv,Gasifier 1 0
2024-09-05 12:20:43.663,307,31.3910606,35.9266887,116.610312,205.091915,204.112723,biomass\Gasifier 1 0.csv,Gasifier 1 0
2024-09-05 12:20:48.651,308,31.3716681,36.0874083,116.99681,207.764376,206.457252,biomass\Gasifier 1 0.csv,Gasifier 1 0
2024-09-05 12:20:53.665,309,31.3685834,36.1922438,117.510051,208.671564,207.220784,biomass\Gasifier 1 0.csv,Gasifier 1 0
2024-09-05 12:20:58.650,310,31.3791209,36.268428,117.83175,211.492803,211.152308,biomass\Gasifier 1 0.csv,Gasifier 1 0
2024-09-05 12:21:03.697,311,31.3899543,36.3424411,118.550769,208.942708,212.010743,biomass\Gasifier 1 0.csv,Gasifier 1 0
2024-09-05 12:21:08.650,312,31.38584,36.4443922,119.08365,209.934349,209.545148,biomass\Gasifier 1 0.csv,Gasifier 1 0
2024-09-05 12:21:13.671,313,31.4231579,36.4766727,119.845424,211.164776,205.125317,biomass\Gasifier 1 0.csv,Gasifier 1 0
2024-09-05 12:21:18.650,314,31.4165018,36.6084791,120.077779,213.010598,210.741387,biomass\Gasifier 1 0.csv,Gasifier 1 0
2024-09-05 12:21:23.684,315,31.4291715,36.6755374,120.689908,213.069219,214.69068,biomass\Gasifier 1 0.csv,Gasifier 1 0
2024-09-05 12:21:28.650,316,31.4284843,36.8309525,121.156675,217.600737,217.013942,biomass\Gasifier 1 0.csv,Gasifier 1 0
2024-09-05 12:21:33.653,317,31.4393938,36.9165347,121.831447,216.779266,217.959973,biomass\Gasifier 1 0.csv,Gasifier 1 0
2024-09-05 12:21:38.650,318,31.4609359,36.9845735,122.501962,216.963508,214.566971,biomass\Gasifier 1 0.csv,Gasifier 1 0
2024-09-05 12:21:43.683,319,31.4603393,37.1178473,123.320114,216.469367,217.406417,biomass\Gasifier 1 0.csv,Gasifier 1 0
2024-09-05 12:21:48.671,320,31.4948262,37.2547491,124.24766,218.511153,221.159458,biomass\Gasifier 1 0.csv,Gasifier 1 0
2024-09-05 12:21:53.720,321,31.484858,37.3730132,124.820358,222.240398,217.954367,biomass\Gasifier 1 0.csv,Gasifier 1 0
2024-09-05 12:21:58.692,322,31.5004351,37.4143797,125.900523,221.094313,219.812477,biomass\Gasifier 1 0.csv,Gasifier 1 0
2024-09-05 12:22:03.662,323,31.5252935,37.549465,126.418554,220.884159,216.863565,biomass\Gasifier 1 0.csv,Gasifier 1 0
2024-09-05 12:22:08.650,324,31.530732,37.732507,127.269288,221.950051,224.722457,biomass\Gasifier 1 0.csv,Gasifier 1 0
2024-09-05 12:22:13.658,325,31.5660935,37.8411134,128.227532,223.537219,226.03325,biomass\Gasifier 1 0.csv,Gasifier 1 0
2024-09-05 12:22:18.719,326,31.5850389,38.0261038,129.259787,223.707186,226.14513,biomass\Gasifier 1 0.csv,Gasifier 1 0
2024-09-05 12:22:23.700,327,31.6069099,38.1785592,130.117441,229.102774,227.324897,biomass\Gasifier 1 0.csv,Gasifier 1 0
2024-09-05 12:22:28.650,328,31.6234045,38.2461137,131.273905,233.165619,227.287209,biomass\Gasifier 1 0.csv,Gasifier 1 0
2024-09-05 12:22:33.650,329,31.6269409,38.5013311,131.1633,240.984317,228.865045,biomass\Gasifier 1 0.csv,Gasifier 1 0
2024-09-05 12:22:38.650,330,31.6116322,38.6567422,130.783838,237.157119,229.464433,biomass\Gasifier 1 0.csv,Gasifier 1 0
2024-09-05 12:22:43.650,331,31.6038811,38.7133545,130.870858,246.528848,227.028948,biomass\Gasifier 1 0.csv,Gasifier 1 0
2024-09-05 12:22:48.672,332,31.6215161,38.8089196,131.586711,240.348289,229.86086,biomass\Gasifier 1 0.csv,Gasifier 1 0
2024-09-05 12:22:53.650,333,31.6588559,38.9765002,132.614594,250.677876,226.801795,biomass\Gasifier 1 0.csv,Gasifier 1 0
2024-09-05 12:22:58.676,334,31.640691,39.0756724,133.61609,243.751409,229.839459,biomass\Gasifier 1 0.csv,Gasifier 1 0
2024-09-05 12:23:03.702,335,31.6366152,39.1879525,135.025675,241.933579,231.364087,biomass\Gasifier 1 0.csv,Gasifier 1 0
2024-09-05 12:23:08.703,336,31.6524385,39.3899784,136.177745,245.328897,235.623546,biomass\Gasifier 1 0.csv,Gasifier 1 0
2024-09-05 12:23:13.706,337,31.6771436,39.4375778,136.965985,255.361942,244.495111,biomass\Gasifier 1 0.csv,Gasifier 1 0
2024-09-05 12:23:18.650,338,31.6705404,39.629113,138.078796,246.319162,245.321333,biomass\Gasifier 1 0.csv,Gasifier 1 0
2024-09-05 12:23:23.693,339,31.6849502,39.8786083,139.862311,253.03519,244.737459,biomass\Gasifier 1 0.csv,Gasifier 1 0
2024-09-05 12:23:28.660,340,31.7256805,39.9934112,141.620396,247.704625,242.695653,biomass\Gasifier 1 0.csv,Gasifier 1 0
2024-09-05 12:23:33.650,341,31.7115517,40.2588205,143.233931,251.804888,243.785674,biomass\Gasifier 1 0.csv,Gasifier 1 0
2024-09-05 12:23:38.650,342,31.7295254,40.4599499,144.664066,254.179085,245.51022,biomass\Gasifier 1 0.csv,Gasifier 1 0
2024-09-05 12:23:43.650,343,31.7374727,40.6814977,146.105896,261.757427,253.54713,biomass\Gasifier 1 0.csv,Gasifier 1 0
2024-09-05 12:23:48.651,344,31.748621,40.8247228,147.991938,270.103689,253.599829,biomass\Gasifier 1 0.csv,Gasifier 1 0
2024-09-05 12:23:53.673,345,31.8054716,41.0882367,149.875303,267.917116,254.883423,biomass\Gasifier 1 0.csv,Gasifier 1 0
2024-09-05 12:23:58.663,346,31.8163877,41.2480509,151.592008,270.758287,259.482811,biomass\Gasifier 1 0.csv,Gasifier 1 0
2024-09-05 12:24:03.650,347,31.894447,41.4980279,153.415368,270.260107,249.871713,biomass\Gasifier 1 0.csv,Gasifier 1 0
2024-09-05 12:24:08.697,348,31.8873677,41.6680352,154.935886,281.624735,262.251358,biomass\Gasifier 1 0.csv,Gasifier 1 0
2024-09-05 12:24:13.650,349,31.8414832,41.7603447,156.644405,285.303428,260.502744,biomass\Gasifier 1 0.csv,Gasifier 1 0
2024-09-05 12:24:18.650,350,31.945041,42.1147875,158.693652,287.165094,257.094751,biomass\Gasifier 1 0.csv,Gasifier 1 0
2024-09-05 12:24:23.650,351,31.9854207,42.2920254,160.853216,282.310598,263.098518,biomass\Gasifier 1 0.csv,Gasifier 1 0
2024-09-05 12:24:28.655,352,32.0537523,42.4796896,162.859664,273.700834,261.032983,biomass\Gasifier 1 0.csv,Gasifier 1 0
2024-09-05 12:24:33.677,353,32.0900235,42.4740326,164.2958,280.401863,264.9138,biomass\Gasifier 1 0.csv,Gasifier 1 0
2024-09-05 12:24:38.650,354,32.0847338,42.6214701,166.474673,280.582867,260.731872,biomass\Gasifier 1 0.csv,Gasifier 1 0
2024-09-05 12:24:43.670,355,32.0979095,42.5445447,168.32778,275.048009,268.962583,biomass\Gasifier 1 0.csv,Gasifier 1 0
2024-09-05 12:24:48.660,356,32.0893156,42.5571989,170.399489,277.109631,265.407203,biomass\Gasifier 1 0.csv,Gasifier 1 0
2024-09-05 12:24:53.684,357,32.1223222,42.8316783,173.048676,279.795166,262.681599,biomass\Gasifier 1 0.csv,Gasifier 1 0
2024-09-05 12:24:58.650,358,32.1376512,43.0449472,175.409891,297.885367,274.252201,biomass\Gasifier 1 0.csv,Gasifier 1 0
2024-09-05 12:25:03.650,359,32.1697242,43.3166863,177.978256,299.174279,278.69472,biomass\Gasifier 1 0.csv,Gasifier 1 0
2024-09-05 12:25:08.680,360,32.2020466,43.7093182,181.055793,291.114106,276.463451,biomass\Gasifier 1 0.csv,Gasifier 1 0
2024-09-05 12:25:13.650,361,31.9562132,43.8423637,183.587284,302.654312,264.070053,biomass\Gasifier 1 0.csv,Gasifier 1 0
2024-09-05 12:25:18.701,362,31.8964221,44.3225019,187.020891,305.380484,272.375672,biomass\Gasifier 1 0.csv,Gasifier 1 0
2024-09-05 12:25:23.654,363,31.7833666,44.5363832,191.054027,295.059135,281.126136,biomass\Gasifier 1 0.csv,Gasifier 1 0
2024-09-05 12:25:28.678,364,32.0064989,44.9070978,194.043752,300.463552,280.417865,biomass\Gasifier 1 0.csv,Gasifier 1 0
2024-09-05 12:25:33.674,365,32.1273045,45.1415539,196.347399,306.811498,278.899976,biomass\Gasifier 1 0.csv,Gasifier 1 0
2024-09-05 12:25:38.677,366,32.1797805,45.4414572,199.482513,314.133096,278.53093,biomass\Gasifier 1 0.csv,Gasifier 1 0
2024-09-05 12:25:43.676,367,32.1688942,45.6889184,202.194358,315.318027,287.675267,biomass\Gasifier 1 0.csv,Gasifier 1 0
2024-09-05 12:25:48.654,368,31.8912651,46.0136377,205.343069,320.756978,273.483047,biomass\Gasifier 1 0.csv,Gasifier 1 0
2024-09-05 12:25:53.677,369,32.1152779,46.3294287,208.516939,304.734455,274.777214,biomass\Gasifier 1 0.csv,Gasifier 1 0
2024-09-05 12:25:58.650,370,32.1597592,46.6403409,211.840246,313.688381,282.28539,biomass\Gasifier 1 0.csv,Gasifier 1 0
2024-09-05 12:26:03.701,371,32.0696591,47.0302486,215.083042,326.215696,288.900642,biomass\Gasifier 1 0.csv,Gasifier 1 0
2024-09-05 12:26:08.663,372,32.1428746,47.3452068,218.0079,320.829906,300.155771,biomass\Gasifier 1 0.csv,Gasifier 1 0
2024-09-05 12:26:13.650,373,32.3061368,47.7280261,221.697508,331.58518,303.07468,biomass\Gasifier 1 0.csv,Gasifier 1 0
2024-09-05 12:26:18.707,374,32.4006449,48.070283,225.118101,336.053503,305.794983,biomass\Gasifier 1 0.csv,Gasifier 1 0
2024-09-05 12:26:23.690,375,32.3623669,48.4113047,228.220271,333.141,301.527677,biomass\Gasifier 1 0.csv,Gasifier 1 0
2024-09-05 12:26:28.701,376,32.3930569,48.7681713,231.249666,329.784238,296.652074,biomass\Gasifier 1 0.csv,Gasifier 1 0
2024-09-05 12:26:33.681,377,32.5417565,49.1621331,234.352699,320.642919,296.060195,biomass\Gasifier 1 0.csv,Gasifier 1 0
2024-09-05 12:26:38.650,378,32.6342933,49.4863694,237.52925,324.936667,301.904165,biomass\Gasifier 1 0.csv,Gasifier 1 0
2024-09-05 12:26:43.650,379,32.7099637,49.8652845,241.070116,331.148178,300.260237,biomass\Gasifier 1 0.csv,Gasifier 1 0
2024-09-05 12:26:48.684,380,32.7079868,50.1594255,244.872299,326.960823,293.725073,biomass\Gasifier 1 0.csv,Gasifier 1 0
2024-09-05 12:26:53.686,381,31.411173,50.5077639,248.858615,338.564669,306.059132,biomass\Gasifier 1 0.csv,Gasifier 1 0
2024-09-05 12:26:58.650,382,32.8184507,50.8369749,252.878208,337.315956,305.166132,biomass\Gasifier 1 0.csv,Gasifier 1 0
2024-09-05 12:27:03.668,383,33.0397965,51.2082482,256.726222,331.927782,309.74158,biomass\Gasifier 1 0.csv,Gasifier 1 0
2024-09-05 12:27:08.650,384,33.0836921,51.6415327,260.655934,344.448204,307.360029,biomass\Gasifier 1 0.csv,Gasifier 1 0
2024-09-05 12:27:13.692,385,33.218375,52.0562216,264.737189,350.791202,307.64691,biomass\Gasifier 1 0.csv,Gasifier 1 0
2024-09-05 12:27:18.651,386,33.3080213,52.4803919,269.059102,361.605827,320.135517,biomass\Gasifier 1 0.csv,Gasifier 1 0
2024-09-05 12:27:23.650,387,33.4169752,53.059697,272.992174,350.305576,321.310393,biomass\Gasifier 1 0.csv,Gasifier 1 0
2024-09-05 12:27:28.673,388,33.4891273,53.5850783,276.939745,359.599081,325.494455,biomass\Gasifier 1 0.csv,Gasifier 1 0
2024-09-05 12:27:33.650,389,33.5493462,53.9788567,281.359849,364.749753,336.701662,biomass\Gasifier 1 0.csv,Gasifier 1 0
2024-09-05 12:27:38.650,390,33.6069968,54.4775613,285.824472,369.04347,338.583098,biomass\Gasifier 1 0.csv,Gasifier 1 0
2024-09-05 12:27:43.650,391,33.6177147,55.0396775,289.923942,367.661399,324.606918,biomass\Gasifier 1 0.csv,Gasifier 1 0
2024-09-05 12:27:48.664,392,33.6076734,55.5202049,293.850903,367.450959,333.520615,biomass\Gasifier 1 0.csv,Gasifier 1 0
2024-09-05 12:27:53.690,393,33.6406134,56.0659367,297.979673,362.115755,332.332831,biomass\Gasifier 1 0.csv,Gasifier 1 0
2024-09-05 12:27:58.651,394,33.6577916,56.5920332,303.260407,348.537329,309.731091,biomass\Gasifier 1 0.csv,Gasifier 1 0
2024-09-05 12:28:03.650,395,33.7428591,57.241992,307.768009,349.607259,302.991038,biomass\Gasifier 1 0.csv,Gasifier 1 0
2024-09-05 12:28:08.754,396,33.7726162,57.7622851,311.517003,374.695652,341.865315,biomass\Gasifier 1 0.csv,Gasifier 1 0
2024-09-05 12:28:13.672,397,33.7786479,58.3889794,317.0088,331.463424,300.962753,biomass\Gasifier 1 0.csv,Gasifier 1 0
2024-09-05 12:28:18.650,398,33.7884098,59.0701974,321.742443,324.79773,297.75404,biomass\Gasifier 1 0.csv,Gasifier 1 0
2024-09-05 12:28:23.650,399,33.8519892,59.6655463,323.698687,366.286659,326.63064,biomass\Gasifier 1 0.csv,Gasifier 1 0
2024-09-05 12:28:28.650,400,33.8684503,60.1595189,326.863999,379.656354,345.607478,biomass\Gasifier 1 0.csv,Gasifier 1 0
2024-09-05 12:28:33.650,401,33.8860341,60.7330584,331.153659,382.083644,339.704925,biomass\Gasifier 1 0.csv,Gasifier 1 0
2024-09-05 12:28:38.656,402,33.9238829,61.4250986,335.831328,381.339433,338.791312,biomass\Gasifier 1 0.csv,Gasifier 1 0
2024-09-05 12:28:43.661,403,33.9369146,61.9499746,339.250759,375.769983,343.993157,biomass\Gasifier 1 0.csv,Gasifier 1 0
2024-09-05 12:28:48.651,404,33.9839428,62.5658365,343.1056,373.889668,333.261594,biomass\Gasifier 1 0.csv,Gasifier 1 0
2024-09-05 12:28:53.650,405,34.0727446,63.2095452,346.447987,377.53095,344.856314,biomass\Gasifier 1 0.csv,Gasifier 1 0
2024-09-05 12:28:58.699,406,34.1639307,63.6743471,349.94945,381.302449,340.750492,biomass\Gasifier 1 0.csv,Gasifier 1 0
2024-09-05 12:29:03.665,407,34.2279075,64.352603,354.329479,386.368996,348.857928,biomass\Gasifier 1 0.csv,Gasifier 1 0
2024-09-05 12:29:08.690,408,34.3135682,65.2140893,359.046905,346.847669,307.458725,biomass\Gasifier 1 0.csv,Gasifier 1 0
2024-09-05 12:29:13.658,409,34.3832301,65.7507108,361.160959,374.313834,332.661637,biomass\Gasifier 1 0.csv,Gasifier 1 0
2024-09-05 12:29:18.650,410,34.3815798,66.3832751,365.449692,381.17627,351.417563,biomass\Gasifier 1 0.csv,Gasifier 1 0
2024-09-05 12:29:23.704,411,34.4545945,67.5566253,371.866079,334.946609,301.743826,biomass\Gasifier 1 0.csv,Gasifier 1 0
2024-09-05 12:29:28.650,412,34.5534503,68.4244775,373.62361,357.492103,321.347903,biomass\Gasifier 1 0.csv,Gasifier 1 0
2024-09-05 12:29:33.668,413,34.6838292,68.7710996,374.62299,376.89221,346.537431,biomass\Gasifier 1 0.csv,Gasifier 1 0
2024-09-05 12:29:38.699,414,34.6670905,69.4974659,-9.900000000000001e+37,395.841473,362.543512,biomass\Gasifier 1 0.csv,Gasifier 1 0
2024-09-05 12:29:43.650,415,34.6944024,70.2375642,-9.900000000000001e+37,393.858965,358.885527,biomass\Gasifier 1 0.csv,Gasifier 1 0
2024-09-05 12:29:48.650,416,34.7231709,71.0811652,-9.900000000000001e+37,377.299666,347.65806,biomass\Gasifier 1 0.csv,Gasifier 1 0
2024-09-05 12:29:53.665,417,34.7846686,71.9902348,9.900000000000001e+37,386.732912,364.266605,biomass\Gasifier 1 0.csv,Gasifier 1 0
2024-09-05 12:29:58.665,418,34.881993,72.9043975,-9.900000000000001e+37,403.339758,361.291499,biomass\Gasifier 1 0.csv,Gasifier 1 0
2024-09-05 12:30:03.676,419,34.9212159,73.8913024,9.900000000000001e+37,394.547729,349.530051,biomass\Gasifier 1 0.csv,Gasifier 1 0
2024-09-05 12:30:08.685,420,35.0413187,74.9546588,9.900000000000001e+37,403.68516,370.839678,biomass\Gasifier 1 0.csv,Gasifier 1 0
2024-09-05 12:30:13.681,421,35.1575023,76.6630839,9.71970393,352.795178,319.546572,biomass\Gasifier 1 0.csv,Gasifier 1 0
2024-09-05 12:30:18.689,422,35.2379971,78.127186,196.604637,337.577323,306.202941,biomass\Gasifier 1 0.csv,Gasifier 1 0
2024-09-05 12:30:23.657,423,35.3613005,79.2408446,9.900000000000001e+37,334.115718,307.667092,biomass\Gasifier 1 0.csv,Gasifier 1 0
2024-09-05 12:30:28.702,424,35.4303385,80.5798423,413.881203,335.829711,302.709476,biomass\Gasifier 1 0.csv,Gasifier 1 0
2024-09-05 12:30:33.677,425,35.4381116,81.6721825,416.431476,337.507052,302.750445,biomass\Gasifier 1 0.csv,Gasifier 1 0
2024-09-05 12:30:38.657,426,35.5508487,82.5518307,418.37809,371.899217,322.93004,biomass\Gasifier 1 0.csv,Gasifier 1 0
2024-09-05 12:30:43.651,427,35.6244539,83.3098588,-9.900000000000001e+37,385.075328,356.246485,biomass\Gasifier 1 0.csv,Gasifier 1 0
2024-09-05 12:30:48.679,428,35.7297674,85.1591599,-9.900000000000001e+37,341.947785,304.600305,biomass\Gasifier 1 0.csv,Gasifier 1 0
2024-09-05 12:30:53.650,429,35.8428655,86.1325759,-9.900000000000001e+37,368.49175,324.438041,biomass\Gasifier 1 0.csv,Gasifier 1 0
2024-09-05 12:30:58.699,430,35.962054,86.9689863,-163.142282,409.485724,360.685023,biomass\Gasifier 1 0.csv,Gasifier 1 0
2024-09-05 12:31:03.664,431,36.0629174,87.8896066,9.900000000000001e+37,416.799108,369.957363,biomass\Gasifier 1 0.csv,Gasifier 1 0
2024-09-05 12:31:08.685,432,36.1564921,89.4138677,43.7852272,369.976151,335.004411,biomass\Gasifier 1 0.csv,Gasifier 1 0
2024-09-05 12:31:13.650,433,36.2599514,91.3943931,-9.900000000000001e+37,340.792869,310.848363,biomass\Gasifier 1 0.csv,Gasifier 1 0
2024-09-05 12:31:18.672,434,36.3620876,93.2477793,9.900000000000001e+37,340.126891,306.500369,biomass\Gasifier 1 0.csv,Gasifier 1 0
2024-09-05 12:31:23.650,435,36.487134,94.8327581,-9.900000000000001e+37,341.492976,322.932636,biomass\Gasifier 1 0.csv,Gasifier 1 0
2024-09-05 12:31:28.702,436,36.5770647,96.5614711,-9.900000000000001e+37,345.171403,307.832544,biomass\Gasifier 1 0.csv,Gasifier 1 0
2024-09-05 12:31:33.650,437,36.6878744,98.3381652,-9.900000000000001e+37,346.151187,316.175884,biomass\Gasifier 1 0.csv,Gasifier 1 0
2024-09-05 12:31:38.650,438,36.8296002,99.6203461,9.900000000000001e+37,392.953013,357.271631,biomass\Gasifier 1 0.csv,Gasifier 1 0
2024-09-05 12:31:43.651,439,36.97535,100.777811,-9.900000000000001e+37,398.283803,365.633689,biomass\Gasifier 1 0.csv,Gasifier 1 0
2024-09-05 12:31:48.650,440,37.0829619,103.113848,9.900000000000001e+37,348.623189,315.811398,biomass\Gasifier 1 0.csv,Gasifier 1 0
2024-09-05 12:31:53.685,441,37.2047659,104.789234,459.226847,373.979409,341.653291,biomass\Gasifier 1 0.csv,Gasifier 1 0
2024-09-05 12:31:58.650,442,37.312534,106.262832,461.592746,386.433965,350.409308,biomass\Gasifier 1 0.csv,Gasifier 1 0
2024-09-05 12:32:03.650,443,37.410353,108.131514,-9.900000000000001e+37,348.432533,312.688049,biomass\Gasifier 1 0.csv,Gasifier 1 0
2024-09-05 12:32:08.650,444,37.4832715,110.103318,9.900000000000001e+37,347.364834,310.289906,biomass\Gasifier 1 0.csv,Gasifier 1 0
2024-09-05 12:32:13.650,445,37.5796502,111.129179,-17.3775225,375.541612,335.814893,biomass\Gasifier 1 0.csv,Gasifier 1 0
2024-09-05 12:32:18.650,446,37.6928861,112.967007,-12.9331533,355.857243,315.218233,biomass\Gasifier 1 0.csv,Gasifier 1 0
2024-09-05 12:32:23.683,447,37.7638794,114.440822,-9.900000000000001e+37,354.471633,318.840529,biomass\Gasifier 1 0.csv,Gasifier 1 0
2024-09-05 12:32:28.678,448,37.8689409,116.42535,9.900000000000001e+37,346.243115,305.403396,biomass\Gasifier 1 0.csv,Gasifier 1 0
2024-09-05 12:32:33.650,449,37.9687426,118.23222,9.900000000000001e+37,343.215278,307.196908,biomass\Gasifier 1 0.csv,Gasifier 1 0
2024-09-05 12:32:38.669,450,38.0963991,120.160487,-134.82884,348.801873,320.597889,biomass\Gasifier 1 0.csv,Gasifier 1 0
2024-09-05 12:32:43.650,451,38.2241753,121.300017,-58.8634668,405.375138,364.919372,biomass\Gasifier 1 0.csv,Gasifier 1 0
2024-09-05 12:32:48.672,452,38.3301274,123.765623,9.900000000000001e+37,366.200195,328.139048,biomass\Gasifier 1 0.csv,Gasifier 1 0
2024-09-05 12:32:53.697,453,38.4424878,126.475722,9.900000000000001e+37,352.181339,318.038785,biomass\Gasifier 1 0.csv,Gasifier 1 0
2024-09-05 12:32:58.650,454,38.5394566,128.338553,0.870332833,349.721217,314.657416,biomass\Gasifier 1 0.csv,Gasifier 1 0
2024-09-05 12:33:03.650,455,38.668527,130.932925,355.41022,351.528115,319.019707,biomass\Gasifier 1 0.csv,Gasifier 1 0
2024-09-05 12:33:08.698,456,38.8000085,133.462425,9.900000000000001e+37,344.769308,312.48191,biomass\Gasifier 1 0.csv,Gasifier 1 0
2024-09-05 12:33:13.701,457,38.9044399,136.26602,26.4724622,350.68364,322.98,biomass\Gasifier 1 0.csv,Gasifier 1 0
2024-09-05 12:33:18.662,458,39.0265639,139.293602,-9.900000000000001e+37,354.11893,326.702305,biomass\Gasifier 1 0.csv,Gasifier 1 0
2024-09-05 12:33:23.664,459,39.0998002,141.760771,56.0117279,354.417518,319.094018,biomass\Gasifier 1 0.csv,Gasifier 1 0
2024-09-05 12:33:28.668,460,39.1667602,144.93252,348.584881,364.910122,317.202008,biomass\Gasifier 1 0.csv,Gasifier 1 0
2024-09-05 12:33:33.656,461,39.2922815,148.152157,218.737716,350.269094,314.062154,biomass\Gasifier 1 0.csv,Gasifier 1 0
2024-09-05 12:33:38.650,462,39.4540156,150.937676,-9.900000000000001e+37,374.313249,335.611295,biomass\Gasifier 1 0.csv,Gasifier 1 0
2024-09-05 12:33:43.672,463,39.6031249,156.465912,-19.870632,356.077713,318.442496,biomass\Gasifier 1 0.csv,Gasifier 1 0
2024-09-05 12:33:48.650,464,39.7408306,161.82216,153.190023,355.942185,319.247446,biomass\Gasifier 1 0.csv,Gasifier 1 0
2024-09-05 12:33:53.680,465,39.8077373,165.23365,271.043003,339.02858,308.205218,biomass\Gasifier 1 0.csv,Gasifier 1 0
2024-09-05 12:33:58.678,466,39.9612835,166.306907,-193.247351,348.589465,318.240511,biomass\Gasifier 1 0.csv,Gasifier 1 0
2024-09-05 12:34:03.655,467,40.1187658,167.913271,126.545077,355.602816,324.369428,biomass\Gasifier 1 0.csv,Gasifier 1 0
2024-09-05 12:34:08.651,468,40.280762,170.429639,359.019307,358.446526,320.40645,biomass\Gasifier 1 0.csv,Gasifier 1 0
2024-09-05 12:34:13.650,469,40.4531655,173.64222,-9.900000000000001e+37,354.544335,313.755418,biomass\Gasifier 1 0.csv,Gasifier 1 0
2024-09-05 12:34:18.676,470,40.5839463,176.126207,-9.900000000000001e+37,354.427269,319.642594,biomass\Gasifier 1 0.csv,Gasifier 1 0
2024-09-05 12:34:23.691,471,40.7415418,178.529631,211.480481,357.569025,317.15082,biomass\Gasifier 1 0.csv,Gasifier 1 0
2024-09-05 12:34:28.657,472,40.9420995,182.117229,507.761445,345.07121,314.923965,biomass\Gasifier 1 0.csv,Gasifier 1 0
2024-09-05 12:34:33.653,473,41.1104311,184.999995,507.89917,346.89235,315.724565,biomass\Gasifier 1 0.csv,Gasifier 1 0
2024-09-05 12:34:38.650,474,41.2649287,187.369597,507.424754,363.758168,329.287608,biomass\Gasifier 1 0.csv,Gasifier 1 0
2024-09-05 12:34:43.661,475,41.4561016,190.068335,506.981837,369.266055,343.937761,biomass\Gasifier 1 0.csv,Gasifier 1 0
2024-09-05 12:34:48.680,476,41.6405321,193.941663,506.719378,362.039697,327.55448,biomass\Gasifier 1 0.csv,Gasifier 1 0
2024-09-05 12:34:53.650,477,41.8433279,197.656843,505.219537,369.542448,330.03305,biomass\Gasifier 1 0.csv,Gasifier 1 0
2024-09-05 12:34:58.650,478,42.0428355,202.345834,504.392264,364.18954,324.371898,biomass\Gasifier 1 0.csv,Gasifier 1 0
2024-09-05 12:35:03.687,479,42.21317,206.202591,504.594962,358.19948,318.565534,biomass\Gasifier 1 0.csv,Gasifier 1 0
2024-09-05 12:35:08.650,480,42.3985999,209.826387,505.28438,362.554261,316.896609,biomass\Gasifier 1 0.csv,Gasifier 1 0
2024-09-05 12:35:13.726,481,42.5574068,213.096021,505.520235,361.730384,325.031745,biomass\Gasifier 1 0.csv,Gasifier 1 0
2024-09-05 12:35:18.679,482,42.7556643,217.457074,506.283689,368.668165,324.240637,biomass\Gasifier 1 0.csv,Gasifier 1 0
2024-09-05 12:35:23.690,483,42.9171297,222.555015,506.361088,370.502377,319.04835,biomass\Gasifier 1 0.csv,Gasifier 1 0
2024-09-05 12:35:28.652,484,43.1186527,226.906535,507.476824,362.607965,320.630488,biomass\Gasifier 1 0.csv,Gasifier 1 0
2024-09-05 12:35:33.742,485,43.3689008,230.692695,509.098949,396.759502,346.523134,biomass\Gasifier 1 0.csv,Gasifier 1 0
2024-09-05 12:35:38.698,486,43.5667144,235.16789,509.938262,369.775339,324.685937,biomass\Gasifier 1 0.csv,Gasifier 1 0
2024-09-05 12:35:43.706,487,43.7621855,238.955354,510.63565,370.567237,334.773732,biomass\Gasifier 1 0.csv,Gasifier 1 0
2024-09-05 12:35:48.708,488,43.963014,243.525475,511.865182,373.317974,335.180743,biomass\Gasifier 1 0.csv,Gasifier 1 0
2024-09-05 12:35:53.650,489,44.1785741,249.136808,509.486772,365.436979,327.024082,biomass\Gasifier 1 0.csv,Gasifier 1 0
2024-09-05 12:35:58.696,490,44.42657,254.247773,508.801309,360.216616,323.883059,biomass\Gasifier 1 0.csv,Gasifier 1 0
2024-09-05 12:36:03.660,491,44.6393753,258.026896,508.086768,376.348239,323.249198,biomass\Gasifier 1 0.csv,Gasifier 1 0
2024-09-05 12:36:08.650,492,44.7944351,260.297423,508.463791,373.852522,330.206402,biomass\Gasifier 1 0.csv,Gasifier 1 0
2024-09-05 12:36:13.670,493,48.6254946,278.083047,499.106596,396.933472,362.059468,biomass\Gasifier 1 0.csv,Gasifier 1 0
2024-09-05 12:36:18.666,494,47.5782239,290.797401,494.630729,368.902228,332.990607,biomass\Gasifier 1 0.csv,Gasifier 1 0
2024-09-05 12:36:23.651,495,48.8665479,302.026591,489.498145,387.858441,325.985377,biomass\Gasifier 1 0.csv,Gasifier 1 0
2024-09-05 12:36:28.687,496,50.6420443,303.510497,478.731123,384.533499,327.363996,biomass\Gasifier 1 0.csv,Gasifier 1 0
2024-09-05 12:36:33.716,497,49.2537527,284.848002,472.816698,363.053204,313.353959,biomass\Gasifier 1 0.csv,Gasifier 1 0
2024-09-05 12:36:38.650,498,48.5767048,295.894419,470.868519,359.589399,318.139151,biomass\Gasifier 1 0.csv,Gasifier 1 0
2024-09-05 12:36:43.650,499,48.5943879,303.009938,465.039947,347.52613,309.453292,biomass\Gasifier 1 0.csv,Gasifier 1 0
2024-09-05 12:36:48.696,500,48.5583346,302.6876,292.783649,348.100343,305.849548,biomass\Gasifier 1 0.csv,Gasifier 1 0
2024-09-05 12:36:53.676,501,48.5617703,301.42047,468.12305,371.587152,324.226165,biomass\Gasifier 1 0.csv,Gasifier 1 0
2024-09-05 12:36:58.650,502,48.5120114,298.23255,473.150207,386.647485,342.714773,biomass\Gasifier 1 0.csv,Gasifier 1 0
2024-09-05 12:37:03.650,503,48.5119765,298.448737,-9.900000000000001e+37,380.926836,347.302159,biomass\Gasifier 1 0.csv,Gasifier 1 0
2024-09-05 12:37:08.650,504,48.6986824,306.117783,73.2845408,366.191208,336.339,biomass\Gasifier 1 0.csv,Gasifier 1 0
2024-09-05 12:37:13.653,505,48.8751715,317.252172,493.485111,387.362916,348.014871,biomass\Gasifier 1 0.csv,Gasifier 1 0
2024-09-05 12:37:18.650,506,49.0737202,325.906484,-9.900000000000001e+37,382.105451,350.049627,biomass\Gasifier 1 0.csv,Gasifier 1 0
2024-09-05 12:37:23.696,507,49.3338251,336.402939,-9.900000000000001e+37,374.289025,335.311332,biomass\Gasifier 1 0.csv,Gasifier 1 0
2024-09-05 12:37:28.650,508,49.5680878,345.678932,509.733723,383.91732,342.0139,biomass\Gasifier 1 0.csv,Gasifier 1 0
2024-09-05 12:37:33.650,509,49.7503728,354.229746,513.168777,383.571785,348.346185,biomass\Gasifier 1 0.csv,Gasifier 1 0
2024-09-05 12:37:38.677,510,50.0065462,363.788504,516.626418,381.017345,321.746123,biomass\Gasifier 1 0.csv,Gasifier 1 0
2024-09-05 12:37:43.650,511,50.3755881,373.968633,519.27626,379.93752,333.370165,biomass\Gasifier 1 0.csv,Gasifier 1 0
2024-09-05 12:37:48.650,512,50.6730247,383.623491,521.375036,364.236897,328.581547,biomass\Gasifier 1 0.csv,Gasifier 1 0
2024-09-05 12:37:53.650,513,50.9597026,393.413523,521.262817,375.980506,334.224017,biomass\Gasifier 1 0.csv,Gasifier 1 0
2024-09-05 12:37:58.650,514,51.2505123,402.99891,521.240639,383.041195,325.421201,biomass\Gasifier 1 0.csv,Gasifier 1 0
2024-09-05 12:38:03.661,515,51.6484683,412.480721,522.004351,382.771791,322.238554,biomass\Gasifier 1 0.csv,Gasifier 1 0
2024-09-05 12:38:08.656,516,51.9750128,420.912234,523.129692,391.388746,334.756103,biomass\Gasifier 1 0.csv,Gasifier 1 0
2024-09-05 12:38:13.650,517,52.336139,428.711374,526.764641,422.722045,375.55032,biomass\Gasifier 1 0.csv,Gasifier 1 0
2024-09-05 12:38:18.663,518,52.7880826,437.327663,528.281569,399.958118,343.749488,biomass\Gasifier 1 0.csv,Gasifier 1 0
2024-09-05 12:38:23.650,519,53.1927513,444.706573,529.991854,388.049081,346.352169,biomass\Gasifier 1 0.csv,Gasifier 1 0
2024-09-05 12:38:28.682,520,53.607379,448.322839,531.368169,377.227628,337.121411,biomass\Gasifier 1 0.csv,Gasifier 1 0
2024-09-05 12:38:33.650,521,54.0916006,450.349564,532.682178,410.865102,351.149632,biomass\Gasifier 1 0.csv,Gasifier 1 0
2024-09-05 12:38:38.662,522,54.554354,454.213522,533.236614,406.14507,354.165518,biomass\Gasifier 1 0.csv,Gasifier 1 0
2024-09-05 12:38:43.688,523,55.0722189,461.918152,534.571864,405.110406,354.118824,biomass\Gasifier 1 0.csv,Gasifier 1 0
2024-09-05 12:38:48.650,524,55.514707,468.398516,537.013687,407.577751,342.613547,biomass\Gasifier 1 0.csv,Gasifier 1 0
2024-09-05 12:38:53.653,525,56.0553748,474.340038,538.416669,397.777452,345.149039,biomass\Gasifier 1 0.csv,Gasifier 1 0
2024-09-05 12:38:58.650,526,56.6106797,480.892571,537.083225,376.890142,332.088946,biomass\Gasifier 1 0.csv,Gasifier 1 0
2024-09-05 12:39:03.650,527,57.1134591,486.303198,535.88776,407.937186,353.557909,biomass\Gasifier 1 0.csv,Gasifier 1 0
2024-09-05 12:39:08.650,528,57.6065306,490.95798,535.826156,388.351584,338.01073,biomass\Gasifier 1 0.csv,Gasifier 1 0
2024-09-05 12:39:13.689,529,58.1155207,495.030239,534.583963,394.574747,345.368296,biomass\Gasifier 1 0.csv,Gasifier 1 0
2024-09-05 12:39:18.662,530,58.6876358,499.145144,536.121828,388.836745,363.303249,biomass\Gasifier 1 0.csv,Gasifier 1 0
2024-09-05 12:39:23.650,531,59.1660735,503.735301,532.263984,400.439482,340.966176,biomass\Gasifier 1 0.csv,Gasifier 1 0
2024-09-05 12:39:28.650,532,59.7080162,507.968324,533.584815,384.810282,349.806245,biomass\Gasifier 1 0.csv,Gasifier 1 0
2024-09-05 12:39:33.650,533,60.2650915,511.766536,534.323917,382.373364,339.773718,biomass\Gasifier 1 0.csv,Gasifier 1 0
2024-09-05 12:39:38.650,534,60.8951567,515.700495,535.811115,406.435628,346.827322,biomass\Gasifier 1 0.csv,Gasifier 1 0
2024-09-05 12:39:43.662,535,61.4329917,521.67714,536.563165,397.602914,356.21934,biomass\Gasifier 1 0.csv,Gasifier 1 0
2024-09-05 12:39:48.671,536,62.0400619,525.342053,537.991534,400.01044,358.76765,biomass\Gasifier 1 0.csv,Gasifier 1 0
2024-09-05 12:39:53.673,537,62.6304956,530.180446,537.393654,389.618553,353.816909,biomass\Gasifier 1 0.csv,Gasifier 1 0
2024-09-05 12:39:58.651,538,63.1998375,532.953653,538.760223,395.085012,359.152383,biomass\Gasifier 1 0.csv,Gasifier 1 0
2024-09-05 12:40:03.677,539,63.793887,534.939624,539.633432,386.388563,349.346001,biomass\Gasifier 1 0.csv,Gasifier 1 0
2024-09-05 12:40:08.670,540,64.4332308,537.053714,541.602344,396.1141,358.700979,biomass\Gasifier 1 0.csv,Gasifier 1 0
2024-09-05 12:40:13.665,541,65.1255113,538.891778,542.709708,394.234705,354.241641,biomass\Gasifier 1 0.csv,Gasifier 1 0
2024-09-05 12:40:18.666,542,65.792272,542.348691,544.335984,412.509504,372.124264,biomass\Gasifier 1 0.csv,Gasifier 1 0
2024-09-05 12:40:23.661,543,66.540894,545.550565,544.877181,397.676285,371.85306,biomass\Gasifier 1 0.csv,Gasifier 1 0
2024-09-05 12:40:28.651,544,67.2411219,546.866429,546.784748,400.389048,365.949194,biomass\Gasifier 1 0.csv,Gasifier 1 0
2024-09-05 12:40:33.650,545,68.0616765,551.050219,546.475876,404.418598,373.725583,biomass\Gasifier 1 0.csv,Gasifier 1 0
2024-09-05 12:40:38.690,546,68.9145767,554.111762,544.549881,404.204075,374.444701,biomass\Gasifier 1 0.csv,Gasifier 1 0
2024-09-05 12:40:43.650,547,69.8316219,557.576359,543.547633,398.334587,369.215762,biomass\Gasifier 1 0.csv,Gasifier 1 0
2024-09-05 12:40:48.680,548,70.861194,557.086835,540.637769,397.509182,368.793719,biomass\Gasifier 1 0.csv,Gasifier 1 0
2024-09-05 12:40:53.650,549,71.8866153,550.023099,544.975184,405.038369,360.544123,biomass\Gasifier 1 0.csv,Gasifier 1 0
2024-09-05 12:40:58.651,550,72.9022452,560.162109,543.158393,402.82298,368.001584,biomass\Gasifier 1 0.csv,Gasifier 1 0
2024-09-05 12:41:03.681,551,73.97009,570.168594,541.692926,429.992961,386.216861,biomass\Gasifier 1 0.csv,Gasifier 1 0
2024-09-05 12:41:08.650,552,75.0484023,577.947952,544.283981,409.320223,368.457494,biomass\Gasifier 1 0.csv,Gasifier 1 0
2024-09-05 12:41:13.693,553,76.1747683,585.06643,546.532209,401.662536,360.943079,biomass\Gasifier 1 0.csv,Gasifier 1 0
2024-09-05 12:41:18.650,554,77.3118929,589.749008,547.93297,408.646037,368.296181,biomass\Gasifier 1 0.csv,Gasifier 1 0
2024-09-05 12:41:23.668,555,78.5052894,595.590843,548.08203,406.935313,364.26448,biomass\Gasifier 1 0.csv,Gasifier 1 0
2024-09-05 12:41:28.650,556,79.6115765,599.81925,547.268983,407.24714,373.790781,biomass\Gasifier 1 0.csv,Gasifier 1 0
2024-09-05 12:41:33.698,557,80.8617736,605.556512,550.10276,411.178045,363.139285,biomass\Gasifier 1 0.csv,Gasifier 1 0
2024-09-05 12:41:38.673,558,82.0662587,610.788219,550.124461,414.177648,382.177249,biomass\Gasifier 1 0.csv,Gasifier 1 0
2024-09-05 12:41:43.650,559,83.2986687,615.69616,548.296145,426.658571,372.041965,biomass\Gasifier 1 0.csv,Gasifier 1 0
2024-09-05 12:41:48.650,560,84.5186613,619.132902,550.416932,418.573694,377.718488,biomass\Gasifier 1 0.csv,Gasifier 1 0
2024-09-05 12:41:53.650,561,85.7984824,621.977195,554.057629,433.761879,376.960902,biomass\Gasifier 1 0.csv,Gasifier 1 0
2024-09-05 12:41:58.678,562,87.1924136,628.581053,552.734621,416.171802,379.972576,biomass\Gasifier 1 0.csv,Gasifier 1 0
2024-09-05 12:42:03.685,563,88.5352594,638.388846,550.702462,401.736484,369.208709,biomass\Gasifier 1 0.csv,Gasifier 1 0
2024-09-05 12:42:08.650,564,89.9558865,643.600812,545.529217,394.492943,368.777495,biomass\Gasifier 1 0.csv,Gasifier 1 0
2024-09-05 12:42:13.650,565,91.4806298,645.830508,551.500928,404.871391,366.10811,biomass\Gasifier 1 0.csv,Gasifier 1 0
2024-09-05 12:42:18.650,566,93.0945714,647.960228,545.934497,397.978501,368.725335,biomass\Gasifier 1 0.csv,Gasifier 1 0
2024-09-05 12:42:23.650,567,94.6202139,650.013682,551.060126,420.716899,382.582935,biomass\Gasifier 1 0.csv,Gasifier 1 0
2024-09-05 12:42:28.676,568,96.2076639,653.599473,552.965356,420.841151,376.971924,biomass\Gasifier 1 0.csv,Gasifier 1 0
2024-09-05 12:42:33.667,569,97.8991072,663.466104,552.96717,409.865333,371.540073,biomass\Gasifier 1 0.csv,Gasifier 1 0
2024-09-05 12:42:38.651,570,99.5904633,667.636151,545.398885,404.523856,376.022107,biomass\Gasifier 1 0.csv,Gasifier 1 0
2024-09-05 12:42:43.650,571,101.223315,667.915069,553.770826,427.400163,389.910329,biomass\Gasifier 1 0.csv,Gasifier 1 0
2024-09-05 12:42:48.651,572,103.120802,674.652016,558.810013,432.78825,375.121797,biomass\Gasifier 1 0.csv,Gasifier 1 0
2024-09-05 12:42:53.650,573,105.042115,680.804871,559.07945,411.884394,383.384289,biomass\Gasifier 1 0.csv,Gasifier 1 0
2024-09-05 12:42:58.689,574,107.192449,685.396634,560.483612,421.905026,396.664096,biomass\Gasifier 1 0.csv,Gasifier 1 0
2024-09-05 12:43:03.650,575,109.261734,689.629863,563.994951,417.587288,377.535798,biomass\Gasifier 1 0.csv,Gasifier 1 0
2024-09-05 12:43:08.650,576,111.56392,693.583525,564.485195,420.86407,392.765648,biomass\Gasifier 1 0.csv,Gasifier 1 0
2024-09-05 12:43:13.651,577,113.772589,697.803347,565.57107,423.935161,379.974703,biomass\Gasifier 1 0.csv,Gasifier 1 0
2024-09-05 12:43:18.674,578,116.567687,704.464773,558.913846,429.636136,379.196914,biomass\Gasifier 1 0.csv,Gasifier 1 0
2024-09-05 12:43:23.674,579,119.030122,709.648988,561.457133,435.825154,403.505198,biomass\Gasifier 1 0.csv,Gasifier 1 0
2024-09-05 12:43:28.694,580,121.874156,714.21949,563.534655,428.37088,392.204086,biomass\Gasifier 1 0.csv,Gasifier 1 0
2024-09-05 12:43:33.650,581,125.660067,716.01827,567.291912,431.168035,394.875333,biomass\Gasifier 1 0.csv,Gasifier 1 0
2024-09-05 12:43:38.667,582,128.36703,719.649421,567.661832,428.883584,394.577785,biomass\Gasifier 1 0.csv,Gasifier 1 0
2024-09-05 12:43:43.650,583,130.3945,721.123935,569.253137,428.324643,392.116336,biomass\Gasifier 1 0.csv,Gasifier 1 0
2024-09-05 12:43:48.650,584,132.994918,728.210636,575.727902,458.753185,426.064182,biomass\Gasifier 1 0.csv,Gasifier 1 0
2024-09-05 12:43:53.660,585,135.902779,739.549098,573.320992,475.47616,440.711129,biomass\Gasifier 1 0.csv,Gasifier 1 0
2024-09-05 12:43:58.650,586,138.890223,740.491757,572.125343,446.139436,412.48304,biomass\Gasifier 1 0.csv,Gasifier 1 0
2024-09-05 12:44:03.650,587,141.661211,741.043531,571.311859,443.975321,406.033943,biomass\Gasifier 1 0.csv,Gasifier 1 0
2024-09-05 12:44:08.668,588,144.669028,743.750491,573.412204,437.474892,395.566153,biomass\Gasifier 1 0.csv,Gasifier 1 0
2024-09-05 12:44:13.670,589,148.252208,746.376337,572.974194,435.63386,390.77797,biomass\Gasifier 1 0.csv,Gasifier 1 0
2024-09-05 12:44:18.691,590,151.629083,748.533808,566.191238,437.455701,410.059183,biomass\Gasifier 1 0.csv,Gasifier 1 0
2024-09-05 12:44:23.660,591,155.125071,750.630003,568.25942,436.320242,401.787272,biomass\Gasifier 1 0.csv,Gasifier 1 0
2024-09-05 12:44:28.689,592,159.043493,752.980106,559.466961,423.733431,390.768265,biomass\Gasifier 1 0.csv,Gasifier 1 0
2024-09-05 12:44:33.650,593,169.061713,711.723284,557.493989,432.810888,392.409616,biomass\Gasifier 1 0.csv,Gasifier 1 0
2024-09-05 12:44:38.650,594,180.869606,691.119815,548.861481,421.248468,387.585573,biomass\Gasifier 1 0.csv,Gasifier 1 0
2024-09-05 12:44:43.650,595,361.896285,685.626436,550.824034,436.200553,408.661825,biomass\Gasifier 1 0.csv,Gasifier 1 0
2024-09-05 12:44:48.650,596,252.704562,682.31706,549.467692,434.471556,392.278591,biomass\Gasifier 1 0.csv,Gasifier 1 0
2024-09-05 12:44:53.670,597,265.02675,679.990052,544.57527,435.48562,400.077384,biomass\Gasifier 1 0.csv,Gasifier 1 0
2024-09-05 12:44:58.670,598,316.364995,678.271625,539.718826,431.241335,398.663592,biomass\Gasifier 1 0.csv,Gasifier 1 0
2024-09-05 12:45:03.663,599,379.104539,676.690286,535.607112,434.081521,395.718162,biomass\Gasifier 1 0.csv,Gasifier 1 0
2024-09-05 12:45:08.685,600,433.80355,680.999565,541.738715,437.392084,401.76911,biomass\Gasifier 1 0.csv,Gasifier 1 0
2024-09-05 12:45:13.658,601,502.822899,683.584728,532.448195,428.598504,403.734559,biomass\Gasifier 1 0.csv,Gasifier 1 0
2024-09-05 12:45:18.651,602,577.620457,684.966231,531.429534,416.146333,389.177405,biomass\Gasifier 1 0.csv,Gasifier 1 0
2024-09-05 12:45:23.650,603,627.588441,682.286828,531.054257,424.215371,402.822431,biomass\Gasifier 1 0.csv,Gasifier 1 0
2024-09-05 12:45:28.650,604,663.50056,683.768253,537.151458,453.47486,392.441277,biomass\Gasifier 1 0.csv,Gasifier 1 0
2024-09-05 12:45:33.675,605,707.881148,685.489297,537.627066,442.591664,396.740643,biomass\Gasifier 1 0.csv,Gasifier 1 0
2024-09-05 12:45:38.650,606,743.380397,688.584681,535.583613,438.029656,405.815415,biomass\Gasifier 1 0.csv,Gasifier 1 0
2024-09-05 12:45:43.650,607,740.632996,692.766197,534.590487,431.033066,399.146907,biomass\Gasifier 1 0.csv,Gasifier 1 0
2024-09-05 12:45:48.650,608,719.94924,695.990961,528.355244,419.116097,396.177344,biomass\Gasifier 1 0.csv,Gasifier 1 0
2024-09-05 12:45:53.700,609,718.140846,698.752832,531.518676,427.292838,379.303869,biomass\Gasifier 1 0.csv,Gasifier 1 0
2024-09-05 12:45:58.650,610,731.199738,700.98279,529.63361,429.959996,394.303104,biomass\Gasifier 1 0.csv,Gasifier 1 0
2024-09-05 12:46:03.650,611,759.393364,706.695751,532.050345,447.523813,390.790989,biomass\Gasifier 1 0.csv,Gasifier 1 0
2024-09-05 12:46:08.691,612,782.694905,716.065507,527.074103,434.570287,395.159215,biomass\Gasifier 1 0.csv,Gasifier 1 0
2024-09-05 12:46:13.678,613,800.554612,729.65063,517.542298,428.409548,382.793704,biomass\Gasifier 1 0.csv,Gasifier 1 0
2024-09-05 12:46:18.664,614,809.613132,740.993333,522.274484,456.420295,418.212449,biomass\Gasifier 1 0.csv,Gasifier 1 0
2024-09-05 12:46:23.651,615,808.143281,755.049901,521.78749,431.696693,388.866335,biomass\Gasifier 1 0.csv,Gasifier 1 0
2024-09-05 12:46:28.650,616,809.183397,759.283676,527.967987,458.417522,410.946981,biomass\Gasifier 1 0.csv,Gasifier 1 0
2024-09-05 12:46:33.650,617,810.88363,765.656638,524.563464,430.294992,403.18695,biomass\Gasifier 1 0.csv,Gasifier 1 0
2024-09-05 12:46:38.650,618,816.479672,771.475639,514.98261,424.52342,392.245685,biomass\Gasifier 1 0.csv,Gasifier 1 0
2024-09-05 12:46:43.650,619,822.967315,774.208215,526.011107,424.700783,382.697271,biomass\Gasifier 1 0.csv,Gasifier 1 0
2024-09-05 12:46:48.658,620,827.206979,776.960038,528.551595,428.029739,388.865199,biomass\Gasifier 1 0.csv,Gasifier 1 0
2024-09-05 12:46:53.650,621,778.113899,771.449764,514.175981,418.780673,383.453734,biomass\Gasifier 1 0.csv,Gasifier 1 0
2024-09-05 12:46:58.654,622,771.493448,766.647804,511.838816,421.739114,384.945283,biomass\Gasifier 1 0.csv,Gasifier 1 0
2024-09-05 12:47:03.650,623,793.724343,767.01452,520.039876,437.870266,391.024813,biomass\Gasifier 1 0.csv,Gasifier 1 0
2024-09-05 12:47:08.650,624,828.384575,768.569987,520.786135,418.05884,382.452453,biomass\Gasifier 1 0.csv,Gasifier 1 0
2024-09-05 12:47:13.676,625,217.762723,761.172438,517.771727,412.104075,386.366313,biomass\Gasifier 1 0.csv,Gasifier 1 0
2024-09-05 12:47:18.657,626,852.01368,759.147859,521.794301,422.590318,389.181165,biomass\Gasifier 1 0.csv,Gasifier 1 0
2024-09-05 12:47:23.673,627,876.102724,756.771505,528.805214,447.726298,391.509779,biomass\Gasifier 1 0.csv,Gasifier 1 0
2024-09-05 12:47:28.650,628,854.475971,750.35769,521.577024,422.755372,386.214547,biomass\Gasifier 1 0.csv,Gasifier 1 0
2024-09-05 12:47:33.656,629,834.246854,740.844509,525.407485,426.314793,382.301139,biomass\Gasifier 1 0.csv,Gasifier 1 0
2024-09-05 12:47:38.698,630,845.735836,736.297585,529.342551,451.242896,409.868693,biomass\Gasifier 1 0.csv,Gasifier 1 0
2024-09-05 12:47:43.697,631,885.150244,735.706352,523.416738,441.343174,391.581969,biomass\Gasifier 1 0.csv,Gasifier 1 0
2024-09-05 12:47:48.703,632,904.963604,732.585003,518.29882,440.348671,393.762822,biomass\Gasifier 1 0.csv,Gasifier 1 0
2024-09-05 12:47:53.691,633,927.22007,733.830251,521.429609,463.905651,410.376069,biomass\Gasifier 1 0.csv,Gasifier 1 0
2024-09-05 12:47:58.650,634,928.96428,733.6545,514.447038,443.019027,396.481689,biomass\Gasifier 1 0.csv,Gasifier 1 0
2024-09-05 12:48:03.650,635,895.577533,730.346392,517.62132,447.39783,403.127029,biomass\Gasifier 1 0.csv,Gasifier 1 0
2024-09-05 12:48:08.701,636,889.07638,726.902705,496.522016,430.353482,391.48168,biomass\Gasifier 1 0.csv,Gasifier 1 0
2024-09-05 12:48:13.682,637,895.110231,725.123695,517.134744,457.455511,421.707098,biomass\Gasifier 1 0.csv,Gasifier 1 0
2024-09-05 12:48:18.650,638,904.80265,724.19443,520.805303,457.4396,414.570525,biomass\Gasifier 1 0.csv,Gasifier 1 0
2024-09-05 12:48:23.658,639,917.965127,721.892107,508.843854,439.760732,392.507784,biomass\Gasifier 1 0.csv,Gasifier 1 0
2024-09-05 12:48:28.676,640,899.017917,712.445555,511.158337,453.020695,410.307648,biomass\Gasifier 1 0.csv,Gasifier 1 0
2024-09-05 12:48:33.650,641,909.635715,709.360205,518.53828,456.244766,416.160846,biomass\Gasifier 1 0.csv,Gasifier 1 0
2024-09-05 12:48:38.650,642,912.92589,708.234896,512.593203,434.818098,397.156508,biomass\Gasifier 1 0.csv,Gasifier 1 0
2024-09-05 12:48:43.669,643,941.282944,710.318597,511.384073,439.766032,394.149475,biomass\Gasifier 1 0.csv,Gasifier 1 0
2024-09-05 12:48:48.699,644,949.566988,715.151872,522.609654,464.475437,424.612616,biomass\Gasifier 1 0.csv,Gasifier 1 0
2024-09-05 12:48:53.650,645,950.29032,719.438002,525.666902,474.89049,434.063624,biomass\Gasifier 1 0.csv,Gasifier 1 0
2024-09-05 12:48:58.665,646,922.426943,709.106831,522.269607,464.866645,428.736796,biomass\Gasifier 1 0.csv,Gasifier 1 0
2024-09-05 12:49:03.664,647,920.895082,706.421634,504.428366,451.618242,405.984252,biomass\Gasifier 1 0.csv,Gasifier 1 0
2024-09-05 12:49:08.650,648,923.853691,705.639925,512.543148,457.087986,424.946338,biomass\Gasifier 1 0.csv,Gasifier 1 0
2024-09-05 12:49:13.650,649,933.711016,706.044747,521.043196,461.609557,427.607319,biomass\Gasifier 1 0.csv,Gasifier 1 0
2024-09-05 12:49:18.650,650,968.560142,715.935272,524.508014,470.078817,429.705042,biomass\Gasifier 1 0.csv,Gasifier 1 0
2024-09-05 12:49:23.679,651,971.052437,720.049211,519.230534,453.407108,418.608369,biomass\Gasifier 1 0.csv,Gasifier 1 0
2024-09-05 12:49:28.658,652,971.096009,721.149968,521.763647,468.2612,431.982329,biomass\Gasifier 1 0.csv,Gasifier 1 0
2024-09-05 12:49:33.650,653,988.824962,726.067532,516.339456,457.151657,412.832147,biomass\Gasifier 1 0.csv,Gasifier 1 0
2024-09-05 12:49:38.674,654,1000.5143,730.309264,513.951381,459.820373,427.325151,biomass\Gasifier 1 0.csv,Gasifier 1 0
2024-09-05 12:49:43.650,655,1023.18422,735.771466,514.921597,457.63694,413.367602,biomass\Gasifier 1 0.csv,Gasifier 1 0
2024-09-05 12:49:48.701,656,1036.72137,742.002048,519.564,469.410766,443.377827,biomass\Gasifier 1 0.csv,Gasifier 1 0
2024-09-05 12:49:53.686,657,1030.43173,746.307271,516.432596,464.814785,428.024935,biomass\Gasifier 1 0.csv,Gasifier 1 0
2024-09-05 12:49:58.650,658,1020.01471,749.762093,523.15971,471.00207,439.66817,biomass\Gasifier 1 0.csv,Gasifier 1 0
2024-09-05 12:50:03.650,659,1014.79945,752.974848,516.523903,465.485962,427.43492,biomass\Gasifier 1 0.csv,Gasifier 1 0
2024-09-05 12:50:08.696,660,964.002929,753.199211,505.493834,461.102939,424.669276,biomass\Gasifier 1 0.csv,Gasifier 1 0
2024-09-05 12:50:13.650,661,940.154629,752.547198,523.381547,457.127324,419.669955,biomass\Gasifier 1 0.csv,Gasifier 1 0
2024-09-05 12:50:18.706,662,968.005374,753.662955,519.379166,460.37878,420.69638,biomass\Gasifier 1 0.csv,Gasifier 1 0
2024-09-05 12:50:23.650,663,973.781193,754.565483,529.634475,475.003148,438.015555,biomass\Gasifier 1 0.csv,Gasifier 1 0
2024-09-05 12:50:28.694,664,970.43609,756.676541,530.243221,475.120017,439.99797,biomass\Gasifier 1 0.csv,Gasifier 1 0
2024-09-05 12:50:33.650,665,944.845389,762.528654,526.432653,471.136831,427.160751,biomass\Gasifier 1 0.csv,Gasifier 1 0
2024-09-05 12:50:38.682,666,946.057161,765.852552,512.585907,461.707977,412.14545,biomass\Gasifier 1 0.csv,Gasifier 1 0
2024-09-05 12:50:43.650,667,943.947933,767.023151,512.558708,456.917125,409.225343,biomass\Gasifier 1 0.csv,Gasifier 1 0
2024-09-05 12:50:48.674,668,945.978076,766.831086,516.42889,451.030904,415.837667,biomass\Gasifier 1 0.csv,Gasifier 1 0
2024-09-05 12:50:53.662,669,944.172921,766.046034,506.916167,444.982257,401.296819,biomass\Gasifier 1 0.csv,Gasifier 1 0
2024-09-05 12:50:58.659,670,943.712626,764.32489,506.014151,441.972557,411.513825,biomass\Gasifier 1 0.csv,Gasifier 1 0
2024-09-05 12:51:03.650,671,944.348127,764.760107,511.386591,457.459175,420.777802,biomass\Gasifier 1 0.csv,Gasifier 1 0
2024-09-05 12:51:08.708,672,943.989372,764.563779,510.419739,438.5698,399.319278,biomass\Gasifier 1 0.csv,Gasifier 1 0
2024-09-05 12:51:13.650,673,937.302568,767.386423,515.076804,447.317669,399.792882,biomass\Gasifier 1 0.csv,Gasifier 1 0
2024-09-05 12:51:18.650,674,936.909656,772.319921,506.505424,446.74281,393.132221,biomass\Gasifier 1 0.csv,Gasifier 1 0
2024-09-05 12:51:23.692,675,939.58542,777.193372,501.386554,439.25691,396.160656,biomass\Gasifier 1 0.csv,Gasifier 1 0
2024-09-05 12:51:28.650,676,941.063918,780.619866,522.631812,450.893701,402.225903,biomass\Gasifier 1 0.csv,Gasifier 1 0
2024-09-05 12:51:33.663,677,942.896565,781.103113,517.795966,458.062661,419.663898,biomass\Gasifier 1 0.csv,Gasifier 1 0
2024-09-05 12:51:38.726,678,942.566168,782.298083,523.813505,459.120657,424.66683,biomass\Gasifier 1 0.csv,Gasifier 1 0
2024-09-05 12:51:43.703,679,937.21662,781.682269,519.756032,446.937469,391.368286,biomass\Gasifier 1 0.csv,Gasifier 1 0
2024-09-05 12:51:48.656,680,938.833947,781.877932,523.074917,456.859112,393.847884,biomass\Gasifier 1 0.csv,Gasifier 1 0
2024-09-05 12:51:53.656,681,931.76046,786.453155,509.153019,444.967887,391.984887,biomass\Gasifier 1 0.csv,Gasifier 1 0
2024-09-05 12:51:58.684,682,944.11348,787.443703,510.733233,442.261985,383.128562,biomass\Gasifier 1 0.csv,Gasifier 1 0
2024-09-05 12:52:03.651,683,942.565066,788.679642,523.599578,448.317733,403.943818,biomass\Gasifier 1 0.csv,Gasifier 1 0
2024-09-05 12:52:08.650,684,951.998645,789.985903,526.264773,453.491814,414.942577,biomass\Gasifier 1 0.csv,Gasifier 1 0
2024-09-05 12:52:13.650,685,913.102436,795.030661,529.174345,452.423262,408.071007,biomass\Gasifier 1 0.csv,Gasifier 1 0
2024-09-05 12:52:18.650,686,905.194984,801.409762,515.71295,443.128898,396.631982,biomass\Gasifier 1 0.csv,Gasifier 1 0
2024-09-05 12:52:23.650,687,912.580514,803.353946,517.611665,447.659256,415.98095,biomass\Gasifier 1 0.csv,Gasifier 1 0
2024-09-05 12:52:28.698,688,920.191355,804.647365,516.421116,447.69735,402.976822,biomass\Gasifier 1 0.csv,Gasifier 1 0
2024-09-05 12:52:33.650,689,926.621478,807.141813,516.979322,443.063881,398.147214,biomass\Gasifier 1 0.csv,Gasifier 1 0
2024-09-05 12:52:38.682,690,931.051861,805.327787,528.341565,445.707835,404.370169,biomass\Gasifier 1 0.csv,Gasifier 1 0
2024-09-05 12:52:43.662,691,933.445554,808.125997,521.556914,462.570665,409.995022,biomass\Gasifier 1 0.csv,Gasifier 1 0
2024-09-05 12:52:48.682,692,934.395831,809.524922,522.463491,451.253857,407.28798,biomass\Gasifier 1 0.csv,Gasifier 1 0
2024-09-05 12:52:53.650,693,931.674428,823.559225,531.868883,453.698573,396.412966,biomass\Gasifier 1 0.csv,Gasifier 1 0
2024-09-05 12:52:58.650,694,937.197718,829.659397,533.394222,455.237219,401.14948,biomass\Gasifier 1 0.csv,Gasifier 1 0
2024-09-05 12:53:03.650,695,938.074045,858.074695,536.607602,454.300516,399.440412,biomass\Gasifier 1 0.csv,Gasifier 1 0
2024-09-05 12:53:08.681,696,939.598334,867.582005,546.492361,462.558968,437.305218,biomass\Gasifier 1 0.csv,Gasifier 1 0
2024-09-05 12:53:13.650,697,943.879655,873.061443,546.569758,463.627072,424.079983,biomass\Gasifier 1 0.csv,Gasifier 1 0
2024-09-05 12:53:18.685,698,956.266432,876.359464,534.360712,468.674492,422.049358,biomass\Gasifier 1 0.csv,Gasifier 1 0
2024-09-05 12:53:23.665,699,963.9548,879.308515,534.691267,458.228412,420.622498,biomass\Gasifier 1 0.csv,Gasifier 1 0
2024-09-05 12:53:28.650,700,966.144482,880.666419,544.403626,453.131498,415.181279,biomass\Gasifier 1 0.csv,Gasifier 1 0
2024-09-05 12:53:33.650,701,967.534444,885.258453,541.847718,450.256804,389.14403,biomass\Gasifier 1 0.csv,Gasifier 1 0
2024-09-05 12:53:38.650,702,969.335337,887.909486,554.797461,464.873881,414.962181,biomass\Gasifier 1 0.csv,Gasifier 1 0
2024-09-05 12:53:43.650,703,973.526422,890.535552,560.207926,478.156192,429.904259,biomass\Gasifier 1 0.csv,Gasifier 1 0
2024-09-05 12:53:48.693,704,971.789154,890.219738,562.983505,477.005863,417.507432,biomass\Gasifier 1 0.csv,Gasifier 1 0
2024-09-05 12:53:53.692,705,971.642617,893.628362,541.614935,456.495114,401.186758,biomass\Gasifier 1 0.csv,Gasifier 1 0
2024-09-05 12:53:58.675,706,971.506799,897.789238,554.546471,450.779199,395.640811,biomass\Gasifier 1 0.csv,Gasifier 1 0
2024-09-05 12:54:03.650,707,968.987823,906.188934,553.083626,454.198285,389.257993,biomass\Gasifier 1 0.csv,Gasifier 1 0
2024-09-05 12:54:08.650,708,967.068413,912.026626,541.731976,459.006767,406.35385,biomass\Gasifier 1 0.csv,Gasifier 1 0
2024-09-05 12:54:13.650,709,966.712343,921.748788,564.710359,460.83059,406.147868,biomass\Gasifier 1 0.csv,Gasifier 1 0
2024-09-05 12:54:18.703,710,970.275918,922.927797,551.301373,449.105164,391.590714,biomass\Gasifier 1 0.csv,Gasifier 1 0
2024-09-05 12:54:23.677,711,970.30775,924.953361,545.679665,441.696068,394.971076,biomass\Gasifier 1 0.csv,Gasifier 1 0
2024-09-05 12:54:28.650,712,969.762942,925.399934,565.795339,470.828752,419.853779,biomass\Gasifier 1 0.csv,Gasifier 1 0
2024-09-05 12:54:33.675,713,978.30272,918.268404,549.131503,455.166911,391.268744,biomass\Gasifier 1 0.csv,Gasifier 1 0
2024-09-05 12:54:38.650,714,977.766877,918.509819,557.597871,462.110741,405.454906,biomass\Gasifier 1 0.csv,Gasifier 1 0
